Category,Product,SKU,Stock,Price,Status,Size
Water Bottle,Bangladesh Flag Aluminum Water Bottle,109-0501-008,2.0,498.0,Instock,
Water Bottle,Spain World Cup Edition Aluminum Water Bottle,109-0501-007,2.0,498.0,Instock,
Water Bottle,Portugal World Cup Edition Aluminum Water Bottle,109-0501-006,2.0,498.0,Instock,
Water Bottle,Germany World Cup Edition Aluminum Water Bottle,109-0501-005,30.0,498.0,Instock,
Water Bottle,France World Cup Edition Aluminum Water Bottle,109-0501-004,7.0,498.0,Instock,
Water Bottle,Argentina World Cup Edition Aluminum Water Bottle,109-0501-003,47.0,498.0,Instock,
Water Bottle,Brazil World Cup Edition Aluminum Water Bottle,109-0501-002,63.0,498.0,Instock,
HS Shirt,"Buy Any 3 Cuban Shirts, Get 395 TK Off",TB-02-5,0.0,0.0,Instock,
HS Shirt,"Buy Any 2 Cuban Shirts, Get 130 TK Off",TB-02-4,0.0,0.0,Instock,
HS Shirt,"Buy Any 3 Shirts, Get 395 TK Off",TB-02-3,0.0,0.0,Instock,
HS Shirt,"Buy Any 2 Shirts, Get 130 TK Off",TB-02-2,0.0,0.0,Instock,
Wallet,Croco pattern Leather Long Wallet (Copy),109-0101-54,0.0,1299.0,Outofstock,
Wallet,Croco pattern Leather Long Wallet (Copy),109-0101-53,0.0,1299.0,Outofstock,
Others,109-0402-014 (Copy),109-0402-62,0.0,693.0,Outofstock,
Tank Top,"Buy Any 3 Tank Top, Get 88 TK Off",TB-05-003,0.0,0.0,Instock,
Tank Top,"Buy Any 5 Tank Top, Get 295 TK Off",TB-05-002,0.0,0.0,Instock,
Wallet,Chocolate Bifold Wallet,109-0102-074,0.0,699.0,Outofstock,
Wallet,Green Bifold Wallet,109-0102-073,0.0,699.0,Outofstock,
Wallet,Black Bifold Wallet,109-0102-072,0.0,699.0,Outofstock,
Wallet,Green Leather Long Wallet,109-0101-048,-1.0,1299.0,Outofstock,
Belt,Black Premium Leather Belt,109-0402-058,0.0,950.0,Outofstock,
Belt,Chocolate Premium Leather Belt,109-0402-057,0.0,950.0,Outofstock,
Belt,Chocolate Premium Leather Belt,109-0402-054,0.0,950.0,Outofstock,
Belt,Chocolate Premium Leather Belt,109-0402-051,0.0,990.0,Outofstock,
Belt,Chocolate Premium Leather Belt,109-0402-050,0.0,990.0,Outofstock,
Belt,Chocolate Premium Leather Belt,109-0402-046,0.0,950.0,Outofstock,
Wallet,Compact Genuine Leather Card Holder,109-0104-002,4.0,590.0,Instock,
Wallet,Compact Genuine Leather Card Holder,109-0104-003,0.0,590.0,Outofstock,
Wallet,Compact Genuine Leather Card Holder,109-0104-004,1.0,590.0,Instock,
Wallet,Compact Genuine Leather Card Holder,109-0104-006,0.0,690.0,Outofstock,
Wallet,Compact Genuine Leather Card Holder,109-0104-005,0.0,690.0,Outofstock,
Wallet,Black Leather Long Zipper Wallet,109-0101-052,0.0,1349.0,Outofstock,
Wallet,Chocolate Leather Long Zipper Wallet,109-0101-051,0.0,1349.0,Outofstock,
Wallet,Chocolate Leather Long Wallet,109-0101-050,0.0,1299.0,Outofstock,
Wallet,Black Leather Long Wallet,109-0101-049,0.0,1299.0,Outofstock,
Wallet,Black Bifold Wallet,109-0102-071,0.0,750.0,Outofstock,
Wallet,Chocolate Bifold Wallet,109-0102-070,0.0,750.0,Outofstock,
Wallet,Chocolate Bifold Leather Wallet,109-0102-069,0.0,850.0,Outofstock,
Wallet,Brown Bifold Leather Wallet,109-0102-064,0.0,950.0,Outofstock,
Wallet,Black Bifold Leather Wallet,109-0102-063,0.0,950.0,Outofstock,
Belt,Black Premium Leather Belt,109-0402-061,0.0,990.0,Outofstock,
Belt,Chocolate Premium Leather Belt,109-0402-060,0.0,990.0,Outofstock,
Belt,Mocha Premium Leather Belt,109-0402-056,0.0,950.0,Outofstock,
Belt,Mocha Premium Leather Belt,109-0402-055,0.0,950.0,Outofstock,
Belt,Chocolate Premium Leather Belt,109-0402-052,0.0,990.0,Outofstock,
Belt,Black Premium Leather Belt,109-0402-049,0.0,990.0,Outofstock,
Belt,Black Premium Leather Belt,109-0402-00048,0.0,990.0,Outofstock,
Wallet,Executive Brown Leather Card Holder,109-0104-001,5.0,590.0,Instock,
Belt,Brown Premium Leather Belt,109-0402-047,0.0,950.0,Outofstock,
Belt,Brown Premium Leather Belt,109-0402-045,0.0,950.0,Outofstock,
Belt,Brown Premium Leather Belt,109-0402-044,0.0,990.0,Outofstock,
Belt,Brown Premium Leather Belt,109-0402-043,0.0,990.0,Outofstock,
Belt,Brown Premium Leather Belt,109-0402-042,0.0,990.0,Outofstock,
Belt,Black Genuine Leather Belt,109-0402-041,0.0,950.0,Outofstock,
Belt,Black Genuine Leather Belt,109-0402-040,0.0,950.0,Outofstock,
Belt,Black Genuine Leather Belt,109-0402-039,0.0,665.0,Outofstock,
Belt,Black Genuine Leather Belt,109-0402-038,0.0,950.0,Outofstock,
Belt,Black Premium Leather Belt,109-0402-037,0.0,990.0,Outofstock,
Belt,Black Premium Leather Belt,109-0402-036,0.0,990.0,Outofstock,
Belt,Black Premium Leather Belt,109-0402-035,0.0,990.0,Outofstock,
Bundles,Tradition Meets Denim Bundle,JP-03-02,0.0,0.0,Instock,
Bundles,Heritage Style Bundle,JP-03-01,0.0,0.0,Instock,
Others,Double Denim Combo,TJB-03-4,0.0,0.0,Instock,
Others,Denim & Drop Combo,TJB-03-3,0.0,0.0,Instock,
Others,Casual Essentials Combo,TJB-03-02,0.0,0.0,Instock,
T-Shirt,Denim & Tee Power Pack,TJB-03-01,0.0,0.0,Instock,
Wallet,Choco Coinpocket Bifold Leather Wallet,109-0102-067,0.0,950.0,Outofstock,
Wallet,Sage Bifold Leather Wallet,109-0102-066,0.0,850.0,Outofstock,
Wallet,Plain Choco Bifold Leather Wallet,109-0102-065,0.0,850.0,Outofstock,
Wallet,Burgendy Leather Long Wallet,109-0101-045,0.0,1299.0,Outofstock,
Wallet,Black Leather Long Wallet,109-0101-046,0.0,1299.0,Outofstock,
Wallet,Plain Choco Leather Long Wallet,109-0101-047,0.0,1299.0,Outofstock,
Wallet,Gritty Black Multi-Chamber Bifold Wallet,109-0102-062,0.0,750.0,Outofstock,
Wallet,Gritty Brown Multi-Chamber Bifold Wallet,109-0102-061,0.0,750.0,Outofstock,
Wallet,Sage Multi-Chamber Bifold Wallet,109-0102-060,0.0,950.0,Outofstock,
Wallet,Rust Multi-Chamber Bifold Wallet,109-0102-059,0.0,950.0,Outofstock,
Wallet,Black Multi-Chamber Bifold Wallet,109-0102-058,0.0,950.0,Outofstock,
Wallet,Burnt Choco Bifold Leather Wallet,109-0102-057,0.0,700.0,Outofstock,
Wallet,Textured Black Bifold Leather Wallet,109-0102-056,0.0,700.0,Outofstock,
Wallet,Black Coinpocket Bifold Leather Wallet,109-0102-055,0.0,950.0,Outofstock,
Wallet,Choco Coinpocket Bifold Leather Wallet (109-0102-067),109-0102-054,0.0,665.0,Outofstock,
Wallet,Polished Choco Bifold Leather Wallet,109-0102-053,0.0,900.0,Outofstock,
Wallet,Polished Black Bifold Leather Wallet,109-0102-052,0.0,900.0,Outofstock,
Wallet,Sage Bifold Leather Wallet  (109-0102-066),109-0102-051,0.0,595.0,Outofstock,
Wallet,Plain Choco Bifold Leather Wallet,109-0102-050,0.0,850.0,Outofstock,
Wallet,Plain Brown Bifold Leather Wallet,109-0102-049,0.0,850.0,Outofstock,
Wallet,Burgendy Bifold Leather Wallet,109-0102-048,0.0,850.0,Outofstock,
Wallet,Plain Black Bifold Leather Wallet,109-0102-047,-1.0,850.0,Outofstock,
T-Shirt,Choose Any 5 T-Shirts,TB-05-1,0.0,0.0,Instock,
T-Shirt,"Buy Any 3 T-Shirts, Get 185 TK Off",TB-03-001,0.0,0.0,Instock,
T-Shirt,"Buy Any 2 T-Shirts, Get 61 TK Off",TB-02-001,0.0,0.0,Instock,
Sweatshirt,Sweatshirt Duo (Copy),CB-110-108-12-1,0.0,0.0,Outofstock,
Others,Denim Cotton Combo,CB-110-108-15,0.0,0.0,Instock,
Others,Double Denim,CB-110-108-14,0.0,0.0,Instock,
Sweatshirt,Sweatshirt Trio,CB-110-108-13,0.0,0.0,Outofstock,
Sweatshirt,Sweatshirt Duo,CB-110-108-12,0.0,0.0,Outofstock,
Trousers,Trousers Trio,CB-110-108-11,0.0,0.0,Instock,
Others,Off-White Sweat Combo,CB-110-108-01,0.0,0.0,Outofstock,
Trousers,Trousers Duo,CB-110-108-10,0.0,0.0,Instock,
Others,Sweat Combo,CB-110-108-09,0.0,0.0,Outofstock,
Others,Maroon Sweat Combo,CB-110-108-06,0.0,0.0,Outofstock,
Others,Brown Sweat Combo,CB-110-108-05,0.0,0.0,Outofstock,
Others,Green Sweat Combo,CB-110-108-04,0.0,0.0,Outofstock,
Others,Sky Blue Sweat Combo,CB-110-108-03,0.0,0.0,Outofstock,
Others,Black Sweat Combo,CB-110-108-02,0.0,0.0,Instock,
Others,Teal Sweat Combo,CB-110-108-08,0.0,0.0,Outofstock,
Others,Choco Sweat Combo,CB-110-108-07,0.0,0.0,Outofstock,
Others,109-0401-166,109-0401-166,0.0,545.0,Outofstock,
Others,109-0402-034,109-0402-034,0.0,499.5,Outofstock,
Others,109-0401-263,109-0401-263,0.0,545.0,Outofstock,
Wallet,Leather Passport Holder,109-0303-006,0.0,880.0,Outofstock,
Belt,Leather Belt 72,109-0401-239,0.0,474.5,Outofstock,
Others,Denim Dominator Pack,DBB007,0.0,0.0,Instock,
Others,Style Upgrade combo,DBB006,0.0,0.0,Instock,
Others,Smart Casual Combo,DBB005,0.0,0.0,Instock,
Others,Triple Denim Pack,DBB004,0.0,0.0,Instock,
Others,Twin Denim Deal,DBB003,0.0,0.0,Instock,
Polo Shirt,Polo Power Pack,DBB002,0.0,0.0,Instock,
Polo Shirt,Double Polo Deal,DBB001,0.0,0.0,Instock,
Others,SUMMER ESSENTIAL SET,DCB01,0.0,2149.0,Outofstock,
Boxer,3 Pack of Boxer Brief,DMBS049,0.0,838.0,Instock,
Boxer,3 Pack of Boxer Brief,DMBS048,0.0,838.0,Instock,
Boxer,5 Pack of Boxer Brief,DMBS047,0.0,1396.0,Instock,
Boxer,3 Pack of Boxer Brief,DMBS050,0.0,838.0,Instock,
Boxer,5 Pack of Boxer Brief,DMBS046,0.0,1396.0,Instock,
Boxer,5 Pack of Boxer Brief,DMBS045,0.0,1396.0,Instock,
Boxer,3 Pack of Boxer Brief,DMBS044,0.0,838.0,Instock,
Belt,Black Leather Gear Belt,109-0401-178,0.0,549.5,Outofstock,
Belt,Black Leather Gear Belt,109-0401-184,0.0,549.5,Outofstock,
Belt,Black Leather Gear Belt,109-0401-180,0.0,549.5,Outofstock,
Belt,Black Leather Gear Belt,109-0401-143,0.0,1099.0,Outofstock,
Others,109-0403-011,109-0403-011,0.0,699.3,Outofstock,
Belt,Reversible Leather Belt with Moving Buckle,109-0403-009,0.0,999.0,Outofstock,
Wallet,Black Defined Leather Passport Holder,109-0303-003,0.0,559.3,Outofstock,
Wallet,Indigo Navy Trifold Genuine Leather Wallet,109-0103-017,0.0,880.0,Outofstock,
Wallet,Chocolate Leather Long Wallet,109-0101-036,0.0,1299.0,Outofstock,
Wallet,Auburn Luxe Trifold Leather Wallet,109-0103-008,0.0,880.0,Outofstock,
Belt,Chocolate Premium Leather Belt,109-0402-018,0.0,990.0,Outofstock,
Wallet,DEEN Bifold Leather Wallet,109-0102-029,0.0,799.0,Outofstock,
Belt,DEEN Chocolate Premium Leather Belt,109-0401-177,0.0,664.3,Outofstock,
Belt,Black Leather Gear Belt,109-0401-160,0.0,549.5,Outofstock,
Wallet,Black Finish Leather Passport Holder,109-0303-001,0.0,799.0,Outofstock,
Leather Bag,Burn Choco Executive Leather Bag,109-0301-013,0.0,2099.5,Outofstock,
Wallet,Black Rugged Trifold Wallet,109-0103-013,0.0,440.0,Outofstock,
Wallet,Emerald Grain Trifold Leather Wallet,109-0103-007,0.0,440.0,Outofstock,
Wallet,DEEN Trifold Genuine Leather Wallet,109-0103-005,0.0,424.5,Outofstock,
Wallet,DEEN Genuine Leather Wallet,109-0102-043,0.0,399.5,Outofstock,
Wallet,Modern Dual Tone Leather Bi-Fold Wallet,109-0102-038,0.0,399.5,Outofstock,
Wallet,DEEN Bifold Leather Wallet,109-0102-030,0.0,399.5,Outofstock,
Wallet,DEEN Genuine Leather Wallet,109-0102-025,0.0,399.5,Outofstock,
Wallet,DEEN Genuine Leather Wallet 51,109-0102-024,0.0,399.5,Outofstock,
Wallet,DEEN Genuine Leather Wallet,109-0102-023,0.0,399.5,Outofstock,
Wallet,DEEN Genuine Leather Wallet,109-0102-022,0.0,399.5,Outofstock,
Wallet,DEEN Genuine Leather Wallet,109-0102-019,0.0,349.5,Outofstock,
Wallet,DEEN Genuine Leather Wallet,109-0102-015,0.0,449.5,Outofstock,
Wallet,DEEN Genuine Leather Wallet (Copy),109-0102-014-1,0.0,349.5,Outofstock,
Wallet,DEEN Genuine Leather Wallet,109-0102-013,0.0,399.5,Outofstock,
Wallet,DEEN Genuine Leather Wallet,109-0102-012,0.0,399.5,Outofstock,
Wallet,DEEN Genuine Leather Wallet,109-0102-008,0.0,399.5,Outofstock,
Wallet,DEEN Bifold Leather Wallet,109-0102-005,0.0,440.0,Outofstock,
Wallet,DEEN Genuine Leather Long Wallet,109-0101-001,0.0,574.5,Outofstock,
Others,109-0103-018,109-0103-018,0.0,594.3,Outofstock,
Others,109-0102-046,109-0102-046,0.0,594.3,Outofstock,
Others,109-0102-045,109-0102-045,0.0,594.3,Outofstock,
Others,109-0102-044,109-0102-044,0.0,559.3,Outofstock,
Others,109-0402-030,109-0402-030,0.0,693.0,Outofstock,
Others,109-0402-005,109-0402-005,0.0,693.0,Outofstock,
Others,109-0102-002,109-0102-002,0.0,686.0,Outofstock,
Others,109-0402-014,109-0402-014,0.0,990.0,Outofstock,
Belt,Choco Leather Belt,109-0402-013,0.0,990.0,Outofstock,
Others,109-0402-001,109-0402-001,0.0,693.0,Outofstock,
Others,109-0401-257,109-0401-257,0.0,763.0,Outofstock,
Others,109-0402-019,109-0402-019,0.0,693.0,Outofstock,
Others,109-0402-016,109-0402-016,0.0,693.0,Outofstock,
Others,109-0401-232,109-0401-232,0.0,538.3,Outofstock,
Others,109-0401-218,109-0401-218,0.0,664.3,Outofstock,
Others,109-0401-228,109-0401-228,0.0,763.0,Outofstock,
Others,109-0401-226,109-0401-226,0.0,538.3,Outofstock,
Others,109-0401-186,109-0401-186,0.0,763.0,Outofstock,
Others,109-0401-172,109-0401-172,0.0,763.0,Outofstock,
Others,109-0401-170,109-0401-170,0.0,763.0,Outofstock,
Belt,Chocolate Premium Leather Belt,109-0401-223,0.0,664.3,Outofstock,
Others,109-0401-222,109-0401-222,0.0,664.3,Outofstock,
Others,109-0401-161,109-0401-161,0.0,763.0,Outofstock,
Others,109-0401-130,109-0401-130,2.0,763.0,Instock,
Others,109-0401-221,109-0401-221,0.0,664.3,Outofstock,
Others,109-0401-220,109-0401-220,0.0,664.3,Outofstock,
Others,109-0401-158,109-0401-158,1.0,763.0,Instock,
Others,109-0401-157,109-0401-157,2.0,763.0,Instock,
Others,109-0401-202,109-0401-202,0.0,763.0,Outofstock,
Others,109-0401-154,109-0401-154,2.0,763.0,Instock,
Others,109-0401-153,109-0401-153,2.0,763.0,Instock,
Others,109-0301-024,109-0301-024,0.0,4199.0,Outofstock,
Others,109-0401-144,109-0401-144,2.0,763.0,Instock,
Others,109-0401-168,109-0401-168,0.0,763.0,Outofstock,
Others,109-0401-165,109-0401-165,0.0,763.0,Outofstock,
Others,109-0401-139,109-0401-139,2.0,763.0,Instock,
Others,109-0301-020,109-0301-020,0.0,3999.0,Outofstock,
Others,109-0401-132,109-0401-132,2.0,763.0,Instock,
Others,109-0401-126,109-0401-126,2.0,763.0,Instock,
Belt,Chocolate Premium Leather Belt,109-0401-118,2.0,763.0,Instock,
Others,109-0401-116,109-0401-116,2.0,763.0,Instock,
Others,109-0401-115,109-0401-115,2.0,763.0,Instock,
Belt,Chocolate Premium Leather Belt,109-0401-117,2.0,763.0,Instock,
Others,109-0301-023,109-0301-023,0.0,4199.0,Outofstock,
Others,109-0301-022,109-0301-022,0.0,4199.0,Outofstock,
Others,109-0301-021,109-0301-021,0.0,4199.0,Outofstock,
Belt,Black Premium Leather Belt,109-0402-008,0.0,990.0,Outofstock,
Wallet,DEEN Genuine Leather Wallet,109-0102-018,0.0,699.0,Outofstock,
Belt,Chocolate Leather Gear Belt,109-0401-181,0.0,1099.0,Outofstock,
Wallet,DEEN Genuine Leather Long Wallet,109-0101-003,0.0,1299.0,Outofstock,
Belt,DEEN Chocolate Premium Leather Belt,109-0401-175,0.0,949.0,Outofstock,
Wallet,DEEN Genuine Leather Wallet,109-0102-007,0.0,799.0,Outofstock,
Wallet,DEEN Bifold Leather Wallet,109-0102-004,0.0,980.0,Outofstock,
Belt,DEEN Chocolate Premium Leather Belt,109-0401-174,0.0,664.3,Outofstock,
Wallet,DEEN Genuine Leather Long Wallet,109-0101-004,0.0,1299.0,Outofstock,
Wallet,DEEN Genuine Leather Long Wallet,109-0101-007,0.0,1299.0,Outofstock,
Wallet,Classic Pebbled Leather Bi-Fold Wallet,109-0102-033,0.0,799.0,Outofstock,
Wallet,Pebbled Finish Leather Bifold Wallet,109-0102-032,0.0,799.0,Outofstock,
Belt,DEEN Black Premium Leather Belt,109-0401-183,0.0,949.0,Outofstock,
Wallet,DEEN Genuine Leather Long Wallet,109-0101-008,0.0,1199.0,Outofstock,
Wallet,DEEN Genuine Leather Wallet,109-0102-009,0.0,799.0,Outofstock,
Wallet,Classic Smooth Leather Bi-Fold Wallet,109-0102-037,0.0,799.0,Outofstock,
Wallet,DEEN Bifold Leather Wallet,109-0102-028,0.0,799.0,Outofstock,
Wallet,DEEN Genuine Leather Wallet,109-0102-021,0.0,799.0,Outofstock,
Wallet,DEEN Genuine Leather Wallet,109-0102-016,0.0,799.0,Outofstock,
Wallet,Navy Classic Leather Bi-Fold Wallet,109-0102-040,0.0,799.0,Outofstock,
Wallet,Crocodile Pattern Leather Long Wallet,109-0101-023,0.0,1299.0,Outofstock,
Wallet,DEEN Genuine Leather Wallet,109-0102-020,0.0,799.0,Outofstock,
Wallet,DEEN Genuine Leather Wallet,109-0102-011,0.0,899.0,Outofstock,
Wallet,Lizard-Patterned Leather Bifold Wallet,109-0102-042,0.0,799.0,Outofstock,
Wallet,Pebble Grain Leather Bi-fold Wallet,109-0102-039,0.0,799.0,Outofstock,
Wallet,Pebbled Finish Leather Bi-fold Wallet,109-0102-036,0.0,799.0,Outofstock,
Wallet,Classic Pebbled Leather Bi-Fold Wallet,109-0102-035,0.0,799.0,Outofstock,
Wallet,Textured Leather Bi-Fold Wallet,109-0102-034,0.0,799.0,Outofstock,
Belt,DEEN Chocolate Premium Leather Belt,109-0401-182,0.0,949.0,Outofstock,
Wallet,Crocodile Texture Leather Long Wallet,109-0101-020,0.0,1299.0,Outofstock,
Wallet,Coarse Black Leather Trifold Wallet,109-0103-015,0.0,880.0,Outofstock,
Wallet,Brown Perforated Leather Trifold Wallet,109-0103-011,0.0,880.0,Outofstock,
Wallet,Green Classic Leather Bi-Fold Wallet,109-0102-041,0.0,799.0,Outofstock,
Wallet,Muted Maroon Coinpocket Leather Long Wallet,109-0101-044,0.0,1299.0,Outofstock,
Wallet,Chocolate Croco Leather Long Wallet,109-0101-042,0.0,1299.0,Outofstock,
Wallet,Black Parched Leather Coin pocket Long Wallet,109-0101-035,0.0,1299.0,Outofstock,
Wallet,Muted Black Leather Long Wallet,109-0101-033,0.0,1249.0,Outofstock,
Belt,Black Leather Gear Belt,109-0401-123,0.0,1090.0,Outofstock,
Belt,Reversible Leather Belt with Moving Buckle,109-0403-010,0.0,999.0,Outofstock,
Leather Bag,Urban Burgundy Leather Bagpack,109-0302-001,0.0,4999.0,Outofstock,
Wallet,Reddish Crest Leather Coin Pocket Long Wallet,109-0101-032,0.0,1299.0,Outofstock,
Wallet,Brown Rugged Trifold Wallet,109-0103-014,0.0,880.0,Outofstock,
Belt,Black Leather Gear Belt,109-0401-134,0.0,1090.0,Outofstock,
Belt,Black Premium Leather Belt,109-0402-025,0.0,990.0,Outofstock,
Belt,Chocolate Premium Moving Leather Belt,109-0403-002,0.0,999.0,Outofstock,
Belt,Chocolate Premium Leather Belt,109-0402-029,0.0,990.0,Outofstock,
Belt,Black Leather Gear Belt,109-0401-142,0.0,1090.0,Outofstock,
Belt,Black Leather Gear Belt,109-0401-141,0.0,1090.0,Outofstock,
Belt,Reversible Leather Belt with Moving Buckle,109-0403-007,0.0,999.0,Outofstock,
Belt,Black Leather Gear Belt,109-0401-140,0.0,1090.0,Outofstock,
Wallet,Dual Drift Concealed Leather Long Wallet,109-0101-040,0.0,1299.0,Outofstock,
Belt,Reversible Leather Belt with Moving Buckle,109-0403-005,0.0,999.0,Outofstock,
Belt,Black Leather Gear Belt,109-0401-162,0.0,1090.0,Outofstock,
Belt,Reversible Leather Belt with Moving Buckle,109-0403-008,0.0,999.0,Outofstock,
Wallet,DEEN Bifold Leather Wallet,109-0102-026,0.0,799.0,Outofstock,
Bundles,3 T-shirt Bundle (SAVE Tk. 100),DCTS359,0.0,0.0,Instock,
Leather Bag,Croco Maroon Executive Leather Bag,109-0301-017,0.0,4599.0,Outofstock,
Belt,Chocolate Leather Gear Belt,109-0401-122,0.0,1090.0,Outofstock,
Bundles,5 T-shirt Bundle (SAVE Tk. 150),DCTS360,0.0,0.0,Instock,
Wallet,Choco Leather Passport Holder,109-0303-005,0.0,880.0,Outofstock,
Belt,Black Premium Leather Belt,109-0401-185,0.0,949.0,Outofstock,
Belt,Black Leather Gear Belt,109-0401-179,0.0,1099.0,Outofstock,
Wallet,DEEN Bifold Leather Wallet,109-0102-031,0.0,799.0,Outofstock,
Wallet,DEEN Genuine Leather Long Wallet,109-0101-002,0.0,1149.0,Outofstock,
Wallet,Croco Pattern Leather Long Wallet,109-0101-031,0.0,1299.0,Outofstock,
Others,109-0401-149,109-0401-149,2.0,763.0,Instock,
Leather Bag,Croco Dual Black  Executive Leather Bag,109-0301-018,0.0,4599.0,Outofstock,
Belt,Black Premium Leather Belt,109-0402-009,0.0,990.0,Outofstock,
Belt,Chocolate Premium Leather Belt,109-0402-015,0.0,990.0,Outofstock,
Belt,Chocolate Premium Leather Belt,109-0402-017,0.0,990.0,Outofstock,
Belt,Chocolate Premium Leather Belt,109-0402-020,0.0,990.0,Outofstock,
Belt,Chocolate Premium Leather Belt,109-0402-027,0.0,990.0,Outofstock,
Belt,Chocolate Premium Leather Belt,109-0402-028,0.0,990.0,Outofstock,
Belt,Reversible Leather Belt with Moving Buckle,109-0403-003,0.0,999.0,Outofstock,
Belt,Reversible Leather Belt with Moving Buckle,109-0403-006,0.0,999.0,Outofstock,
Belt,Chocolate Premium Leather Belt,109-0402-0018,0.0,990.0,Outofstock,
Belt,Chocolate Premium Leather Belt,109-0402-0013,0.0,990.0,Outofstock,
Belt,Black Premium Leather Belt,109-0402-006,0.0,990.0,Outofstock,
Belt,Chocolate Premium Leather Belt,109-0402-003,0.0,990.0,Outofstock,
Belt,Chocolate Premium Leather Belt,109-0402-002,0.0,990.0,Outofstock,
Belt,Black Leather Gear Belt,109-0401-159,0.0,1090.0,Outofstock,
Belt,Black Leather Gear Belt,109-0401-146,0.0,1090.0,Outofstock,
Belt,Black Leather Gear Belt,109-0401-133,0.0,1090.0,Outofstock,
Belt,Chocolate Leather Gear Belt,109-0401-125,0.0,1090.0,Outofstock,
Belt,Chocolate Leather Gear Belt,109-0401-120,0.0,1090.0,Outofstock,
Belt,Black Premium Leather Belt,109-0402-023,0.0,990.0,Outofstock,
Belt,Black Premium Leather Belt,109-0402-007,0.0,990.0,Outofstock,
Belt,Chocolate Premium Leather Belt,109-0402-022,0.0,990.0,Outofstock,
Belt,Chocolate Premium Leather Belt,109-0402-012,0.0,990.0,Outofstock,
Belt,Chocolate Premium Leather Belt,109-0402-021,0.0,990.0,Outofstock,
Belt,Black Premium Leather Belt,109-0402-011,0.0,990.0,Outofstock,
Belt,Reversible Leather Belt with Moving Buckle,109-0403-004,0.0,999.0,Outofstock,
Belt,Reversible Leather Belt with Moving Buckle,109-0403-001,0.0,999.0,Outofstock,
Wallet,Black Concealed Croco Leather Long Wallet,109-0101-041,0.0,1299.0,Outofstock,
Wallet,Muted Chocolate Leather Long Wallet,109-0101-039,0.0,1299.0,Outofstock,
Wallet,Fence Patterned Leather Long Wallet,109-0101-038,0.0,1249.0,Outofstock,
Belt,Black Leather Gear Belt,109-0401-152,0.0,1090.0,Outofstock,
Belt,Chocolate Leather Gear Belt,109-0401-127,0.0,1090.0,Outofstock,
Belt,Chocolate Leather Gear Belt,109-0401-124,0.0,1090.0,Outofstock,
Leather Bag,Sleek Maroon Executive Leather Bag,109-0301-019,0.0,4599.0,Outofstock,
Leather Bag,Dual Textured Executive Leather Bag,109-0301-016,0.0,4599.0,Outofstock,
Leather Bag,Croco Black Executive Leather Bag,109-0301-010,0.0,4199.0,Outofstock,
Leather Bag,Matte Maroon Executive Leather Bag,109-0301-011,0.0,4199.0,Outofstock,
Wallet,Navy Blue Leather Passport Holder,109-0303-004,0.0,880.0,Outofstock,
Wallet,Choco Defined Leather Passport Holder,109-0303-002,0.0,880.0,Outofstock,
Leather Bag,Classic Maroon Executive Leather Bag,109-0301-015,0.0,4199.0,Outofstock,
Leather Bag,Black Finish Executive Leather Bag,109-0301-014,0.0,4199.0,Outofstock,
Wallet,Plain Black Trifold Genuine Leather Wallet,109-0103-016,0.0,880.0,Outofstock,
Wallet,Muted Chocolate Leather Long Wallet,109-0101-034,0.0,1149.0,Outofstock,
Leather Bag,Matte Black Executive Leather Bag,109-0301-012,0.0,4199.0,Outofstock,
Wallet,Crocodile Rustic Leather Coin Pocket Long Wallet,109-0101-027,0.0,1249.0,Outofstock,
Wallet,Crocodile Black Leather Coin Pocket Long Wallet,109-0101-025,0.0,1249.0,Outofstock,
Wallet,Rustic Classic Leather Coin Pocket Long Wallet,109-0101-043,0.0,1299.0,Outofstock,
Wallet,Black Leather Coin Pocket Long Wallet,109-0101-037,0.0,1299.0,Outofstock,
Wallet,Croco Pattern Leather Long Wallet,109-0101-030,0.0,1149.0,Outofstock,
Wallet,Brown Zipper Pocket Leather Long Wallet,109-0101-029,0.0,1249.0,Outofstock,
Wallet,Chocolate Coin Pocket Leather Long Wallet,109-0101-028,0.0,1299.0,Outofstock,
Wallet,Croco pattern Leather Long Wallet,109-0101-022,0.0,1299.0,Outofstock,
Wallet,Dual Drift Brown Leather Long Wallet,109-0101-021,0.0,1299.0,Outofstock,
Wallet,Brick Toned Leather Trifold Wallet,109-0103-012,0.0,880.0,Outofstock,
Wallet,Black Perforated Leather Trifold Wallet,109-0103-010,0.0,880.0,Outofstock,
Wallet,Chocolate Croco Coinpocket Leather Long Wallet,109-0101-019,0.0,1299.0,Outofstock,
Wallet,Dual Drift Brown Leather Long Wallet,109-0101-018,0.0,1299.0,Outofstock,
Wallet,Croco pattern Leather Long Wallet,109-0101-017,0.0,1299.0,Outofstock,
Wallet,Reddish-brown Crest Leather Long Wallet,109-0101-016,0.0,1149.0,Outofstock,
Wallet,Dual Drift Black Leather Long Wallet,109-0101-015,0.0,1249.0,Outofstock,
Wallet,Indigo Ridge Leather Long Wallet,109-0101-014,0.0,1149.0,Outofstock,
Wallet,Dual Drift Leather Long Wallet,109-0101-013,0.0,1299.0,Outofstock,
Wallet,Muted Maroon Leather Long Wallet,109-0101-012,0.0,1149.0,Outofstock,
Wallet,Rustic Classic Leather Long Wallet,109-0101-011,0.0,1149.0,Outofstock,
Wallet,Steel River Leather Long Wallet,109-0101-010,0.0,1149.0,Outofstock,
Wallet,Crocodile Embossed Leather Long Wallet,109-0101-024,0.0,1149.0,Outofstock,
Wallet,Crocodile Texture Leather Long Wallet,109-0101-026,0.0,1249.0,Outofstock,
Wallet,DEEN Trifold Genuine Leather Wallet,109-0103-001,0.0,849.0,Outofstock,
Wallet,DEEN Bifold Leather Wallet,109-0102-027,0.0,799.0,Outofstock,
Wallet,DEEN Trifold Genuine Leather Wallet,109-0103-003,0.0,849.0,Outofstock,
Wallet,DEEN Trifold Genuine Leather Wallet,109-0103-002,0.0,849.0,Outofstock,
Wallet,DEEN Trifold Genuine Leather Wallet,109-0103-004,1.0,849.0,Instock,
Wallet,DEEN Genuine Leather Wallet,109-0102-017,0.0,799.0,Outofstock,
Belt,Black Leather Moving Belt,109-0401-176,0.0,999.0,Outofstock,
Wallet,DEEN Trifold Genuine Leather Wallet,109-0103-006,0.0,849.0,Outofstock,
Mask,Breathable Face Mask,109-0502-001,258.0,280.0,Instock,
Wallet,DEEN Genuine Leather Long Wallet,109-0101-006,0.0,1299.0,Outofstock,
Wallet,DEEN Genuine Leather Long Wallet,109-0101-005,0.0,1299.0,Outofstock,
Wallet,DEEN Genuine Leather Long Wallet,109-0101-009,0.0,1299.0,Outofstock,
Water Bottle,Durable Aluminum Water Bottle 600 ml.,109-0501-001,0.0,399.0,Outofstock,
Jeans,High-End Whisker Faded Jeans - Slim Fit - 38,101-0100-150,8.0,2490.0,Instock,38
Jeans,High-End Whisker Faded Jeans - Slim Fit - 36,101-0100-150,92.0,2490.0,Instock,36
Jeans,High-End Whisker Faded Jeans - Slim Fit - 34,101-0100-150,86.0,2490.0,Instock,34
Jeans,High-End Whisker Faded Jeans - Slim Fit - 32,101-0100-150,67.0,2490.0,Instock,32
Jeans,High-End Whisker Faded Jeans - Slim Fit - 30,101-0100-150,6.0,2490.0,Instock,30
HS Shirt,White Microprint Casual Half Shirt - 3XL,102-0301-013,6.0,1060.0,Instock,3XL
HS Shirt,White Microprint Casual Half Shirt - 2XL,102-0301-013,17.0,1060.0,Instock,2XL
HS Shirt,White Microprint Casual Half Shirt - XL,102-0301-013,22.0,1060.0,Instock,XL
HS Shirt,White Microprint Casual Half Shirt - L,102-0301-013,38.0,1060.0,Instock,L
HS Shirt,White Microprint Casual Half Shirt - M,102-0301-013,17.0,1060.0,Instock,M
HS Shirt,White Casual Half Shirt - 3XL,102-0301-004,12.0,944.0,Instock,3XL
HS Shirt,White Casual Half Shirt - 2XL,102-0301-004,36.0,944.0,Instock,2XL
HS Shirt,White Casual Half Shirt - XL,102-0301-004,51.0,944.0,Instock,XL
HS Shirt,White Casual Half Shirt - L,102-0301-004,65.0,944.0,Instock,L
HS Shirt,White Casual Half Shirt - M,102-0301-004,32.0,944.0,Instock,M
HS Shirt,Navy Texture Casual Half Shirt - 3XL,102-0301-011,1.0,1160.0,Instock,3XL
HS Shirt,Navy Texture Casual Half Shirt - 2XL,102-0301-011,6.0,1160.0,Instock,2XL
HS Shirt,Navy Texture Casual Half Shirt - XL,102-0301-011,7.0,1160.0,Instock,XL
HS Shirt,Navy Texture Casual Half Shirt - L,102-0301-011,12.0,1160.0,Instock,L
HS Shirt,Navy Texture Casual Half Shirt - M,102-0301-011,5.0,1160.0,Instock,M
HS Shirt,Navy Dot Casual Half Shirt - 3XL,102-0301-016,14.0,944.0,Instock,3XL
HS Shirt,Navy Dot Casual Half Shirt - 2XL,102-0301-016,32.0,944.0,Instock,2XL
HS Shirt,Navy Dot Casual Half Shirt - XL,102-0301-016,69.0,944.0,Instock,XL
HS Shirt,Navy Dot Casual Half Shirt - L,102-0301-016,81.0,944.0,Instock,L
HS Shirt,Navy Dot Casual Half Shirt - M,102-0301-016,39.0,944.0,Instock,M
Jeans,High-End Vintage Wash Jeans - Slim Fit - 38,101-0100-151,16.0,2331.0,Instock,38
Jeans,High-End Vintage Wash Jeans - Slim Fit - 36,101-0100-151,92.0,2331.0,Instock,36
Jeans,High-End Vintage Wash Jeans - Slim Fit - 34,101-0100-151,85.0,2331.0,Instock,34
Jeans,High-End Vintage Wash Jeans - Slim Fit - 32,101-0100-151,80.0,2331.0,Instock,32
Jeans,High-End Vintage Wash Jeans - Slim Fit - 30,101-0100-151,4.0,2331.0,Instock,30
HS Shirt,Cream Check Casual Half Shirt - 3XL,102-0301-014,3.0,1160.0,Instock,3XL
HS Shirt,Cream Check Casual Half Shirt - 2XL,102-0301-014,8.0,1160.0,Instock,2XL
HS Shirt,Cream Check Casual Half Shirt - XL,102-0301-014,5.0,1160.0,Instock,XL
HS Shirt,Cream Check Casual Half Shirt - L,102-0301-014,16.0,1160.0,Instock,L
HS Shirt,Cream Check Casual Half Shirt - M,102-0301-014,9.0,1160.0,Instock,M
HS Shirt,Grey Motif Casual Half Shirt - 3XL,102-0301-007,0.0,1060.0,Outofstock,3XL
HS Shirt,Grey Motif Casual Half Shirt - 2XL,102-0301-007,9.0,1060.0,Instock,2XL
HS Shirt,Grey Motif Casual Half Shirt - XL,102-0301-007,10.0,1060.0,Instock,XL
HS Shirt,Grey Motif Casual Half Shirt - L,102-0301-007,12.0,1060.0,Instock,L
HS Shirt,Grey Motif Casual Half Shirt - M,102-0301-007,9.0,1060.0,Instock,M
Jeans,High-End Raw Washed Jeans - Slim Fit - 38,101-0100-149,15.0,2490.0,Instock,38
Jeans,High-End Raw Washed Jeans - Slim Fit - 36,101-0100-149,91.0,2490.0,Instock,36
Jeans,High-End Raw Washed Jeans - Slim Fit - 34,101-0100-149,90.0,2490.0,Instock,34
Jeans,High-End Raw Washed Jeans - Slim Fit - 32,101-0100-149,80.0,2490.0,Instock,32
Jeans,High-End Raw Washed Jeans - Slim Fit - 30,101-0100-149,17.0,2490.0,Instock,30
HS Shirt,Light Grey Check Casual Half Shirt - 3XL,102-0301-015,0.0,1160.0,Outofstock,3XL
HS Shirt,Light Grey Check Casual Half Shirt - 2XL,102-0301-015,3.0,1160.0,Instock,2XL
HS Shirt,Light Grey Check Casual Half Shirt - XL,102-0301-015,7.0,1160.0,Instock,XL
HS Shirt,Light Grey Check Casual Half Shirt - L,102-0301-015,10.0,1160.0,Instock,L
HS Shirt,Light Grey Check Casual Half Shirt - M,102-0301-015,5.0,1160.0,Instock,M
HS Shirt,Teal Swirl Casual Half Shirt - 3XL,102-0301-010,0.0,1272.0,Outofstock,3XL
HS Shirt,Teal Swirl Casual Half Shirt - 2XL,102-0301-010,3.0,1272.0,Instock,2XL
HS Shirt,Teal Swirl Casual Half Shirt - XL,102-0301-010,0.0,1272.0,Outofstock,XL
HS Shirt,Teal Swirl Casual Half Shirt - L,102-0301-010,2.0,1272.0,Instock,L
HS Shirt,Teal Swirl Casual Half Shirt - M,102-0301-010,4.0,1272.0,Instock,M
HS Shirt,Sky Stripe Casual Half Shirt - 3XL,102-0301-003,12.0,944.0,Instock,3XL
HS Shirt,Sky Stripe Casual Half Shirt - 2XL,102-0301-003,25.0,944.0,Instock,2XL
HS Shirt,Sky Stripe Casual Half Shirt - XL,102-0301-003,40.0,944.0,Instock,XL
HS Shirt,Sky Stripe Casual Half Shirt - L,102-0301-003,56.0,944.0,Instock,L
HS Shirt,Sky Stripe Casual Half Shirt - M,102-0301-003,30.0,944.0,Instock,M
HS Shirt,White Sketch Casual Half Shirt - 3XL,102-0301-006,2.0,1272.0,Instock,3XL
HS Shirt,White Sketch Casual Half Shirt - 2XL,102-0301-006,4.0,1272.0,Instock,2XL
HS Shirt,White Sketch Casual Half Shirt - XL,102-0301-006,4.0,1272.0,Instock,XL
HS Shirt,White Sketch Casual Half Shirt - L,102-0301-006,13.0,1272.0,Instock,L
HS Shirt,White Sketch Casual Half Shirt - M,102-0301-006,6.0,1272.0,Instock,M
HS Shirt,Grey Blush Casual Half Shirt - 3XL,102-0301-012,0.0,1160.0,Outofstock,3XL
HS Shirt,Grey Blush Casual Half Shirt - 2XL,102-0301-012,3.0,1160.0,Instock,2XL
HS Shirt,Grey Blush Casual Half Shirt - XL,102-0301-012,4.0,1160.0,Instock,XL
HS Shirt,Grey Blush Casual Half Shirt - L,102-0301-012,8.0,1160.0,Instock,L
HS Shirt,Grey Blush Casual Half Shirt - M,102-0301-012,6.0,1160.0,Instock,M
HS Shirt,Grey wiggly Casual Half Shirt - 3XL,102-0301-008,3.0,1272.0,Instock,3XL
HS Shirt,Grey wiggly Casual Half Shirt - 2XL,102-0301-008,5.0,1272.0,Instock,2XL
HS Shirt,Grey wiggly Casual Half Shirt - XL,102-0301-008,12.0,1272.0,Instock,XL
HS Shirt,Grey wiggly Casual Half Shirt - L,102-0301-008,14.0,1272.0,Instock,L
HS Shirt,Grey wiggly Casual Half Shirt - M,102-0301-008,7.0,1272.0,Instock,M
HS Shirt,Off-white Motif Casual Half Shirt - 3XL,102-0301-005,2.0,1060.0,Instock,3XL
HS Shirt,Off-white Motif Casual Half Shirt - 2XL,102-0301-005,5.0,1060.0,Instock,2XL
HS Shirt,Off-white Motif Casual Half Shirt - XL,102-0301-005,10.0,1060.0,Instock,XL
HS Shirt,Off-white Motif Casual Half Shirt - L,102-0301-005,9.0,1060.0,Instock,L
HS Shirt,Off-white Motif Casual Half Shirt - M,102-0301-005,5.0,1060.0,Instock,M
HS Shirt,White Mini Print Casual Half Shirt - 3XL,102-0301-002,13.0,1060.0,Instock,3XL
HS Shirt,White Mini Print Casual Half Shirt - 2XL,102-0301-002,33.0,1060.0,Instock,2XL
HS Shirt,White Mini Print Casual Half Shirt - XL,102-0301-002,52.0,1060.0,Instock,XL
HS Shirt,White Mini Print Casual Half Shirt - L,102-0301-002,69.0,1060.0,Instock,L
HS Shirt,White Mini Print Casual Half Shirt - M,102-0301-002,37.0,1060.0,Instock,M
HS Shirt,Floral Cuban Collar Shirt - 3XL,102-0302-008,13.0,1060.0,Instock,3XL
HS Shirt,Floral Cuban Collar Shirt - 2XL,102-0302-008,32.0,1060.0,Instock,2XL
HS Shirt,Floral Cuban Collar Shirt - XL,102-0302-008,45.0,1060.0,Instock,XL
HS Shirt,Floral Cuban Collar Shirt - L,102-0302-008,65.0,1060.0,Instock,L
HS Shirt,Floral Cuban Collar Shirt - M,102-0302-008,33.0,1060.0,Instock,M
HS Shirt,Grey Blush Casual Half Shirt - 3XL,102-0301-009,3.0,1272.0,Instock,3XL
HS Shirt,Grey Blush Casual Half Shirt - 2XL,102-0301-009,4.0,1272.0,Instock,2XL
HS Shirt,Grey Blush Casual Half Shirt - XL,102-0301-009,7.0,1272.0,Instock,XL
HS Shirt,Grey Blush Casual Half Shirt - L,102-0301-009,12.0,1272.0,Instock,L
HS Shirt,Grey Blush Casual Half Shirt - M,102-0301-009,8.0,1272.0,Instock,M
HS Shirt,Burgundy Floral Casual Half Shirt - 3XL,102-0301-001,0.0,1160.0,Outofstock,3XL
HS Shirt,Burgundy Floral Casual Half Shirt - 2XL,102-0301-001,0.0,1160.0,Outofstock,2XL
HS Shirt,Burgundy Floral Casual Half Shirt - XL,102-0301-001,4.0,1160.0,Instock,XL
HS Shirt,Burgundy Floral Casual Half Shirt - L,102-0301-001,11.0,1160.0,Instock,L
HS Shirt,Burgundy Floral Casual Half Shirt - M,102-0301-001,4.0,1160.0,Instock,M
HS Shirt,Olive Cuban Collar Shirt - 3XL,102-0302-009,0.0,1060.0,Outofstock,3XL
HS Shirt,Olive Cuban Collar Shirt - 2XL,102-0302-009,0.0,1060.0,Outofstock,2XL
HS Shirt,Olive Cuban Collar Shirt - XL,102-0302-009,15.0,1060.0,Instock,XL
HS Shirt,Olive Cuban Collar Shirt - L,102-0302-009,14.0,1060.0,Instock,L
HS Shirt,Olive Cuban Collar Shirt - M,102-0302-009,14.0,1060.0,Instock,M
HS Shirt,Ornate Cuban Collar Shirt - 3XL,102-0302-007,0.0,1060.0,Outofstock,3XL
HS Shirt,Ornate Cuban Collar Shirt - 2XL,102-0302-007,7.0,1060.0,Instock,2XL
HS Shirt,Ornate Cuban Collar Shirt - XL,102-0302-007,10.0,1060.0,Instock,XL
HS Shirt,Ornate Cuban Collar Shirt - L,102-0302-007,14.0,1060.0,Instock,L
HS Shirt,Ornate Cuban Collar Shirt - M,102-0302-007,8.0,1060.0,Instock,M
HS Shirt,Pinstripe Cuban Collar Shirt - 3XL,102-0302-006,11.0,1060.0,Instock,3XL
HS Shirt,Pinstripe Cuban Collar Shirt - 2XL,102-0302-006,25.0,1060.0,Instock,2XL
HS Shirt,Pinstripe Cuban Collar Shirt - XL,102-0302-006,35.0,1060.0,Instock,XL
HS Shirt,Pinstripe Cuban Collar Shirt - L,102-0302-006,51.0,1060.0,Instock,L
HS Shirt,Pinstripe Cuban Collar Shirt - M,102-0302-006,26.0,1060.0,Instock,M
HS Shirt,Oasis Cuban Collar Shirt - 3XL,102-0302-010,0.0,944.0,Outofstock,3XL
HS Shirt,Oasis Cuban Collar Shirt - 2XL,102-0302-010,10.0,944.0,Instock,2XL
HS Shirt,Oasis Cuban Collar Shirt - XL,102-0302-010,26.0,944.0,Instock,XL
HS Shirt,Oasis Cuban Collar Shirt - L,102-0302-010,37.0,944.0,Instock,L
HS Shirt,Oasis Cuban Collar Shirt - M,102-0302-010,16.0,944.0,Instock,M
HS Shirt,Prism Cuban Collar Shirt - 3XL,102-0302-003,0.0,1160.0,Outofstock,3XL
HS Shirt,Prism Cuban Collar Shirt - 2XL,102-0302-003,7.0,1160.0,Instock,2XL
HS Shirt,Prism Cuban Collar Shirt - XL,102-0302-003,8.0,1160.0,Instock,XL
HS Shirt,Prism Cuban Collar Shirt - L,102-0302-003,16.0,1160.0,Instock,L
HS Shirt,Prism Cuban Collar Shirt - M,102-0302-003,6.0,1160.0,Instock,M
HS Shirt,Paisley Cuban Collar Shirt - 3XL,102-0302-001,0.0,1160.0,Outofstock,3XL
HS Shirt,Paisley Cuban Collar Shirt - 2XL,102-0302-001,7.0,1160.0,Instock,2XL
HS Shirt,Paisley Cuban Collar Shirt - XL,102-0302-001,16.0,1160.0,Instock,XL
HS Shirt,Paisley Cuban Collar Shirt - L,102-0302-001,28.0,1160.0,Instock,L
HS Shirt,Paisley Cuban Collar Shirt - M,102-0302-001,13.0,1160.0,Instock,M
HS Shirt,Tropical Cuban Collar Shirt - 3XL,102-0302-005,8.0,944.0,Instock,3XL
HS Shirt,Tropical Cuban Collar Shirt - 2XL,102-0302-005,17.0,944.0,Instock,2XL
HS Shirt,Tropical Cuban Collar Shirt - XL,102-0302-005,27.0,944.0,Instock,XL
HS Shirt,Tropical Cuban Collar Shirt - L,102-0302-005,47.0,944.0,Instock,L
HS Shirt,Tropical Cuban Collar Shirt - M,102-0302-005,7.0,944.0,Instock,M
HS Shirt,Shadow Cuban Collar Shirt - 3XL,102-0302-002,0.0,1160.0,Outofstock,3XL
HS Shirt,Shadow Cuban Collar Shirt - 2XL,102-0302-002,3.0,1160.0,Instock,2XL
HS Shirt,Shadow Cuban Collar Shirt - XL,102-0302-002,2.0,1160.0,Instock,XL
HS Shirt,Shadow Cuban Collar Shirt - L,102-0302-002,13.0,1160.0,Instock,L
HS Shirt,Shadow Cuban Collar Shirt - M,102-0302-002,5.0,1160.0,Instock,M
HS Shirt,Mosaic Cuban Collar Shirt - 3XL,102-0302-004,0.0,1160.0,Outofstock,3XL
HS Shirt,Mosaic Cuban Collar Shirt - 2XL,102-0302-004,3.0,1160.0,Instock,2XL
HS Shirt,Mosaic Cuban Collar Shirt - XL,102-0302-004,0.0,1160.0,Outofstock,XL
HS Shirt,Mosaic Cuban Collar Shirt - L,102-0302-004,5.0,1160.0,Instock,L
HS Shirt,Mosaic Cuban Collar Shirt - M,102-0302-004,4.0,1160.0,Instock,M
FS Shirt,White Executive Formal Shirt - 3XL,102-0501-011,0.0,1113.0,Outofstock,3XL
FS Shirt,White Executive Formal Shirt - 2XL,102-0501-011,0.0,1113.0,Outofstock,2XL
FS Shirt,White Executive Formal Shirt - XL,102-0501-011,0.0,1113.0,Outofstock,XL
FS Shirt,White Executive Formal Shirt - L,102-0501-011,0.0,1113.0,Outofstock,L
FS Shirt,White Executive Formal Shirt - M,102-0501-011,0.0,1113.0,Outofstock,M
FS Shirt,White Print Executive Formal Shirt - 3XL,102-0501-009,0.0,945.0,Outofstock,3XL
FS Shirt,White Print Executive Formal Shirt - 2XL,102-0501-009,0.0,945.0,Outofstock,2XL
FS Shirt,White Print Executive Formal Shirt - XL,102-0501-009,0.0,945.0,Outofstock,XL
FS Shirt,White Print Executive Formal Shirt - L,102-0501-009,0.0,945.0,Outofstock,L
FS Shirt,White Print Executive Formal Shirt - M,102-0501-009,0.0,945.0,Outofstock,M
FS Shirt,Classic Stripe Executive Formal Shirt - 3XL,102-0501-003,0.0,1043.0,Outofstock,3XL
FS Shirt,Classic Stripe Executive Formal Shirt - 2XL,102-0501-003,0.0,1043.0,Outofstock,2XL
FS Shirt,Classic Stripe Executive Formal Shirt - XL,102-0501-003,0.0,1043.0,Outofstock,XL
FS Shirt,Classic Stripe Executive Formal Shirt - L,102-0501-003,0.0,1043.0,Outofstock,L
FS Shirt,Classic Stripe Executive Formal Shirt - M,102-0501-003,0.0,1043.0,Outofstock,M
FS Shirt,Striped Executive Formal Shirt - 3XL,102-0501-002,9.0,833.0,Instock,3XL
FS Shirt,Striped Executive Formal Shirt - 2XL,102-0501-002,19.0,833.0,Instock,2XL
FS Shirt,Striped Executive Formal Shirt - XL,102-0501-002,8.0,833.0,Instock,XL
FS Shirt,Striped Executive Formal Shirt - L,102-0501-002,26.0,833.0,Instock,L
FS Shirt,Striped Executive Formal Shirt - M,102-0501-002,17.0,833.0,Instock,M
FS Shirt,Sky Blue Executive Formal Shirt - 3XL,102-0501-008,0.0,1043.0,Outofstock,3XL
FS Shirt,Sky Blue Executive Formal Shirt - 2XL,102-0501-008,0.0,1043.0,Outofstock,2XL
FS Shirt,Sky Blue Executive Formal Shirt - XL,102-0501-008,0.0,1043.0,Outofstock,XL
FS Shirt,Sky Blue Executive Formal Shirt - L,102-0501-008,0.0,1043.0,Outofstock,L
FS Shirt,Sky Blue Executive Formal Shirt - M,102-0501-008,0.0,1043.0,Outofstock,M
FS Shirt,White Executive Formal Shirt - 3XL,102-0501-007,0.0,1043.0,Outofstock,3XL
FS Shirt,White Executive Formal Shirt - 2XL,102-0501-007,0.0,1043.0,Outofstock,2XL
FS Shirt,White Executive Formal Shirt - XL,102-0501-007,0.0,1043.0,Outofstock,XL
FS Shirt,White Executive Formal Shirt - L,102-0501-007,0.0,1043.0,Outofstock,L
FS Shirt,White Executive Formal Shirt - M,102-0501-007,0.0,1043.0,Outofstock,M
FS Shirt,Indigo Executive Formal Shirt - 3XL,102-0501-010,0.0,833.0,Outofstock,3XL
FS Shirt,Indigo Executive Formal Shirt - 2XL,102-0501-010,0.0,833.0,Outofstock,2XL
FS Shirt,Indigo Executive Formal Shirt - XL,102-0501-010,0.0,833.0,Outofstock,XL
FS Shirt,Indigo Executive Formal Shirt - L,102-0501-010,0.0,833.0,Outofstock,L
FS Shirt,Indigo Executive Formal Shirt - M,102-0501-010,0.0,833.0,Outofstock,M
FS Shirt,Blue Horizon Executive Formal Shirt - 3XL,102-0501-006,0.0,945.0,Outofstock,3XL
FS Shirt,Blue Horizon Executive Formal Shirt - 2XL,102-0501-006,0.0,945.0,Outofstock,2XL
FS Shirt,Blue Horizon Executive Formal Shirt - XL,102-0501-006,0.0,945.0,Outofstock,XL
FS Shirt,Blue Horizon Executive Formal Shirt - L,102-0501-006,0.0,945.0,Outofstock,L
FS Shirt,Blue Horizon Executive Formal Shirt - M,102-0501-006,0.0,945.0,Outofstock,M
FS Shirt,Checkmate Executive Formal Shirt - 3XL,102-0501-005,0.0,945.0,Outofstock,3XL
FS Shirt,Checkmate Executive Formal Shirt - 2XL,102-0501-005,0.0,945.0,Outofstock,2XL
FS Shirt,Checkmate Executive Formal Shirt - XL,102-0501-005,0.0,945.0,Outofstock,XL
FS Shirt,Checkmate Executive Formal Shirt - L,102-0501-005,0.0,945.0,Outofstock,L
FS Shirt,Checkmate Executive Formal Shirt - M,102-0501-005,0.0,945.0,Outofstock,M
FS Shirt,Striped Executive Formal Shirt - 3XL,102-0501-001,7.0,833.0,Instock,3XL
FS Shirt,Striped Executive Formal Shirt - 2XL,102-0501-001,21.0,833.0,Instock,2XL
FS Shirt,Striped Executive Formal Shirt - XL,102-0501-001,23.0,833.0,Instock,XL
FS Shirt,Striped Executive Formal Shirt - L,102-0501-001,38.0,833.0,Instock,L
FS Shirt,Striped Executive Formal Shirt - M,102-0501-001,24.0,833.0,Instock,M
FS Shirt,Light Blue Executive Formal Shirt - 3XL,102-0501-004,0.0,1113.0,Outofstock,3XL
FS Shirt,Light Blue Executive Formal Shirt - 2XL,102-0501-004,0.0,1113.0,Outofstock,2XL
FS Shirt,Light Blue Executive Formal Shirt - XL,102-0501-004,0.0,1113.0,Outofstock,XL
FS Shirt,Light Blue Executive Formal Shirt - L,102-0501-004,0.0,1113.0,Outofstock,L
FS Shirt,Light Blue Executive Formal Shirt - M,102-0501-004,0.0,1113.0,Outofstock,M
Drop Shoulder,Forest Claw Graphic Drop Shoulder T-Shirt - 3XL,105-0301-007,0.0,632.0,Outofstock,3XL
Drop Shoulder,Forest Claw Graphic Drop Shoulder T-Shirt - 2XL,105-0301-007,0.0,632.0,Outofstock,2XL
Drop Shoulder,Forest Claw Graphic Drop Shoulder T-Shirt - XL,105-0301-007,0.0,632.0,Outofstock,XL
Drop Shoulder,Forest Claw Graphic Drop Shoulder T-Shirt - L,105-0301-007,0.0,632.0,Outofstock,L
Drop Shoulder,Forest Claw Graphic Drop Shoulder T-Shirt - M,105-0301-007,0.0,632.0,Outofstock,M
Drop Shoulder,City Code Print Drop Shoulder T-Shirt - 3XL,105-0301-006,0.0,672.0,Outofstock,3XL
Drop Shoulder,City Code Print Drop Shoulder T-Shirt - 2XL,105-0301-006,-1.0,672.0,Outofstock,2XL
Drop Shoulder,City Code Print Drop Shoulder T-Shirt - XL,105-0301-006,0.0,672.0,Outofstock,XL
Drop Shoulder,City Code Print Drop Shoulder T-Shirt - L,105-0301-006,0.0,672.0,Outofstock,L
Drop Shoulder,City Code Print Drop Shoulder T-Shirt - M,105-0301-006,0.0,672.0,Outofstock,M
Drop Shoulder,Urban Ride Print Drop Shoulder T-Shirt - 3XL,105-0301-005,0.0,632.0,Outofstock,3XL
Drop Shoulder,Urban Ride Print Drop Shoulder T-Shirt - 2XL,105-0301-005,0.0,632.0,Outofstock,2XL
Drop Shoulder,Urban Ride Print Drop Shoulder T-Shirt - XL,105-0301-005,0.0,632.0,Outofstock,XL
Drop Shoulder,Urban Ride Print Drop Shoulder T-Shirt - L,105-0301-005,0.0,632.0,Outofstock,L
Drop Shoulder,Urban Ride Print Drop Shoulder T-Shirt - M,105-0301-005,0.0,632.0,Outofstock,M
Drop Shoulder,Urban Stripe Drop Shoulder T-Shirt - 3XL,105-0301-001,0.0,672.0,Outofstock,3XL
Drop Shoulder,Urban Stripe Drop Shoulder T-Shirt - 2XL,105-0301-001,0.0,672.0,Outofstock,2XL
Drop Shoulder,Urban Stripe Drop Shoulder T-Shirt - XL,105-0301-001,0.0,672.0,Outofstock,XL
Drop Shoulder,Urban Stripe Drop Shoulder T-Shirt - L,105-0301-001,8.0,672.0,Instock,L
Drop Shoulder,Urban Stripe Drop Shoulder T-Shirt - M,105-0301-001,0.0,672.0,Outofstock,M
Drop Shoulder,Blue Raven Drop Shoulder T-Shirt - 3XL,105-0301-004,0.0,672.0,Outofstock,3XL
Drop Shoulder,Blue Raven Drop Shoulder T-Shirt - 2XL,105-0301-004,0.0,672.0,Outofstock,2XL
Drop Shoulder,Blue Raven Drop Shoulder T-Shirt - XL,105-0301-004,0.0,672.0,Outofstock,XL
Drop Shoulder,Blue Raven Drop Shoulder T-Shirt - L,105-0301-004,0.0,672.0,Outofstock,L
Drop Shoulder,Blue Raven Drop Shoulder T-Shirt - M,105-0301-004,0.0,672.0,Outofstock,M
Drop Shoulder,Aqua Wave Print Drop Shoulder T-Shirt - 3XL,105-0301-002,0.0,632.0,Outofstock,3XL
Drop Shoulder,Aqua Wave Print Drop Shoulder T-Shirt - 2XL,105-0301-002,0.0,632.0,Outofstock,2XL
Drop Shoulder,Aqua Wave Print Drop Shoulder T-Shirt - XL,105-0301-002,0.0,632.0,Outofstock,XL
Drop Shoulder,Aqua Wave Print Drop Shoulder T-Shirt - L,105-0301-002,0.0,632.0,Outofstock,L
Drop Shoulder,Aqua Wave Print Drop Shoulder T-Shirt - M,105-0301-002,0.0,632.0,Outofstock,M
Tank Top,Gravity Relaxed Graphic Tank Top - 3XL,105-0401-009,0.0,472.0,Outofstock,3XL
Tank Top,Gravity Relaxed Graphic Tank Top - 2XL,105-0401-009,0.0,472.0,Outofstock,2XL
Tank Top,Gravity Relaxed Graphic Tank Top - XL,105-0401-009,6.0,472.0,Instock,XL
Tank Top,Gravity Relaxed Graphic Tank Top - L,105-0401-009,14.0,472.0,Instock,L
Tank Top,Gravity Relaxed Graphic Tank Top - M,105-0401-009,0.0,472.0,Outofstock,M
Tank Top,White Relaxed Graphic Tank Top - 3XL,105-0401-008,3.0,432.0,Instock,3XL
Tank Top,White Relaxed Graphic Tank Top - 2XL,105-0401-008,16.0,432.0,Instock,2XL
Tank Top,White Relaxed Graphic Tank Top - XL,105-0401-008,26.0,432.0,Instock,XL
Tank Top,White Relaxed Graphic Tank Top - L,105-0401-008,36.0,432.0,Instock,L
Tank Top,White Relaxed Graphic Tank Top - M,105-0401-008,0.0,432.0,Outofstock,M
Tank Top,Cabbage Relaxed Graphic Tank Top - 3XL,105-0401-007,0.0,472.0,Outofstock,3XL
Tank Top,Cabbage Relaxed Graphic Tank Top - 2XL,105-0401-007,1.0,472.0,Instock,2XL
Tank Top,Cabbage Relaxed Graphic Tank Top - XL,105-0401-007,14.0,472.0,Instock,XL
Tank Top,Cabbage Relaxed Graphic Tank Top - L,105-0401-007,13.0,472.0,Instock,L
Tank Top,Cabbage Relaxed Graphic Tank Top - M,105-0401-007,0.0,472.0,Outofstock,M
Tank Top,Burgundy Relaxed Graphic Tank Top - 3XL,105-0401-006,0.0,432.0,Outofstock,3XL
Tank Top,Burgundy Relaxed Graphic Tank Top - 2XL,105-0401-006,0.0,432.0,Outofstock,2XL
Tank Top,Burgundy Relaxed Graphic Tank Top - XL,105-0401-006,0.0,432.0,Outofstock,XL
Tank Top,Burgundy Relaxed Graphic Tank Top - L,105-0401-006,0.0,432.0,Outofstock,L
Tank Top,Burgundy Relaxed Graphic Tank Top - M,105-0401-006,0.0,432.0,Outofstock,M
Tank Top,Sable Relaxed Graphic Tank Top - 3XL,105-0401-005,0.0,432.0,Outofstock,3XL
Tank Top,Sable Relaxed Graphic Tank Top - 2XL,105-0401-005,0.0,432.0,Outofstock,2XL
Tank Top,Sable Relaxed Graphic Tank Top - XL,105-0401-005,-1.0,432.0,Outofstock,XL
Tank Top,Sable Relaxed Graphic Tank Top - L,105-0401-005,9.0,432.0,Instock,L
Tank Top,Sable Relaxed Graphic Tank Top - M,105-0401-005,0.0,432.0,Outofstock,M
Tank Top,Orlando Relaxed Graphic Tank Top - 3XL,105-0401-004,0.0,512.0,Outofstock,3XL
Tank Top,Orlando Relaxed Graphic Tank Top - 2XL,105-0401-004,3.0,512.0,Instock,2XL
Tank Top,Orlando Relaxed Graphic Tank Top - XL,105-0401-004,0.0,512.0,Outofstock,XL
Tank Top,Orlando Relaxed Graphic Tank Top - L,105-0401-004,0.0,512.0,Outofstock,L
Tank Top,Orlando Relaxed Graphic Tank Top - M,105-0401-004,0.0,512.0,Outofstock,M
Panjabi,Brown Embroidered Panjabi - 46,106-0101-139,6.0,1595.0,Instock,46
Panjabi,Brown Embroidered Panjabi - 44,106-0101-139,12.0,1595.0,Instock,44
Panjabi,Brown Embroidered Panjabi - 42,106-0101-139,9.0,1595.0,Instock,42
Panjabi,Brown Embroidered Panjabi - 40,106-0101-139,2.0,1595.0,Instock,40
Tank Top,Black Relaxed Graphic Tank Top - 3XL,105-0401-001,0.0,512.0,Outofstock,3XL
Tank Top,Black Relaxed Graphic Tank Top - 2XL,105-0401-001,1.0,512.0,Instock,2XL
Tank Top,Black Relaxed Graphic Tank Top - XL,105-0401-001,0.0,512.0,Outofstock,XL
Tank Top,Black Relaxed Graphic Tank Top - L,105-0401-001,0.0,512.0,Outofstock,L
Tank Top,Black Relaxed Graphic Tank Top - M,105-0401-001,0.0,512.0,Outofstock,M
Panjabi,Teal Blue Embroidered Panjabi - 46,106-0101-137,6.0,1595.0,Instock,46
Panjabi,Teal Blue Embroidered Panjabi - 44,106-0101-137,10.0,1595.0,Instock,44
Panjabi,Teal Blue Embroidered Panjabi - 42,106-0101-137,13.0,1595.0,Instock,42
Panjabi,Teal Blue Embroidered Panjabi - 40,106-0101-137,5.0,1595.0,Instock,40
Tank Top,Grey Relaxed Graphic Tank Top - 3XL,105-0401-003,0.0,472.0,Outofstock,3XL
Tank Top,Grey Relaxed Graphic Tank Top - 2XL,105-0401-003,24.0,472.0,Instock,2XL
Tank Top,Grey Relaxed Graphic Tank Top - XL,105-0401-003,15.0,472.0,Instock,XL
Tank Top,Grey Relaxed Graphic Tank Top - L,105-0401-003,41.0,472.0,Instock,L
Tank Top,Grey Relaxed Graphic Tank Top - M,105-0401-003,21.0,472.0,Instock,M
Panjabi,Metal Blue Embroidered Panjabi - 46,106-0101-138,6.0,1595.0,Instock,46
Panjabi,Metal Blue Embroidered Panjabi - 44,106-0101-138,7.0,1595.0,Instock,44
Panjabi,Metal Blue Embroidered Panjabi - 42,106-0101-138,12.0,1595.0,Instock,42
Panjabi,Metal Blue Embroidered Panjabi - 40,106-0101-138,10.0,1595.0,Instock,40
Tank Top,Glacier Relaxed Graphic Tank Top - 3XL,105-0401-002,0.0,432.0,Outofstock,3XL
Tank Top,Glacier Relaxed Graphic Tank Top - 2XL,105-0401-002,0.0,432.0,Outofstock,2XL
Tank Top,Glacier Relaxed Graphic Tank Top - XL,105-0401-002,0.0,432.0,Outofstock,XL
Tank Top,Glacier Relaxed Graphic Tank Top - L,105-0401-002,0.0,432.0,Outofstock,L
Tank Top,Glacier Relaxed Graphic Tank Top - M,105-0401-002,0.0,432.0,Outofstock,M
Panjabi,Stone Embroidered Panjabi - 46,106-0101-136,6.0,1595.0,Instock,46
Panjabi,Stone Embroidered Panjabi - 44,106-0101-136,6.0,1595.0,Instock,44
Panjabi,Stone Embroidered Panjabi - 42,106-0101-136,13.0,1595.0,Instock,42
Panjabi,Stone Embroidered Panjabi - 40,106-0101-136,10.0,1595.0,Instock,40
Panjabi,White Beige Embroidered Panjabi - 46,106-0101-135,9.0,1595.0,Instock,46
Panjabi,White Beige Embroidered Panjabi - 44,106-0101-135,9.0,1595.0,Instock,44
Panjabi,White Beige Embroidered Panjabi - 42,106-0101-135,8.0,1595.0,Instock,42
Panjabi,White Beige Embroidered Panjabi - 40,106-0101-135,2.0,1595.0,Instock,40
Panjabi,Mako Embroidered Panjabi - 46,106-0101-129,9.0,1495.0,Instock,46
Panjabi,Mako Embroidered Panjabi - 44,106-0101-129,13.0,1495.0,Instock,44
Panjabi,Mako Embroidered Panjabi - 42,106-0101-129,10.0,1495.0,Instock,42
Panjabi,Mako Embroidered Panjabi - 40,106-0101-129,6.0,1495.0,Instock,40
Panjabi,Abstract Coffee Embroidered Panjabi - 46,106-0101-128,0.0,1495.0,Outofstock,46
Panjabi,Abstract Coffee Embroidered Panjabi - 44,106-0101-128,1.0,1495.0,Instock,44
Panjabi,Abstract Coffee Embroidered Panjabi - 42,106-0101-128,-1.0,1495.0,Outofstock,42
Panjabi,Abstract Coffee Embroidered Panjabi - 40,106-0101-128,0.0,1495.0,Outofstock,40
Panjabi,Mocha Embroidered Panjabi - 46,106-0101-133,1.0,1395.0,Instock,46
Panjabi,Mocha Embroidered Panjabi - 44,106-0101-133,8.0,1395.0,Instock,44
Panjabi,Mocha Embroidered Panjabi - 42,106-0101-133,7.0,1395.0,Instock,42
Panjabi,Mocha Embroidered Panjabi - 40,106-0101-133,1.0,1395.0,Instock,40
Drop Shoulder,Crew Graphic Drop Shoulder T-Shirt - 3XL,105-0301-008,3.0,632.0,Instock,3XL
Drop Shoulder,Crew Graphic Drop Shoulder T-Shirt - 2XL,105-0301-008,1.0,632.0,Instock,2XL
Drop Shoulder,Crew Graphic Drop Shoulder T-Shirt - XL,105-0301-008,3.0,632.0,Instock,XL
Drop Shoulder,Crew Graphic Drop Shoulder T-Shirt - L,105-0301-008,0.0,632.0,Outofstock,L
Drop Shoulder,Crew Graphic Drop Shoulder T-Shirt - M,105-0301-008,0.0,632.0,Outofstock,M
Drop Shoulder,Deep Violet Drop Shoulder T-Shirt - 3XL,105-0301-009,1.0,632.0,Instock,3XL
Drop Shoulder,Deep Violet Drop Shoulder T-Shirt - 2XL,105-0301-009,2.0,632.0,Instock,2XL
Drop Shoulder,Deep Violet Drop Shoulder T-Shirt - XL,105-0301-009,0.0,632.0,Outofstock,XL
Drop Shoulder,Deep Violet Drop Shoulder T-Shirt - L,105-0301-009,9.0,632.0,Instock,L
Drop Shoulder,Deep Violet Drop Shoulder T-Shirt - M,105-0301-009,0.0,632.0,Outofstock,M
Panjabi,Edward Embroidered Panjabi - 46,106-0101-132,3.0,1395.0,Instock,46
Panjabi,Edward Embroidered Panjabi - 44,106-0101-132,4.0,1395.0,Instock,44
Panjabi,Edward Embroidered Panjabi - 42,106-0101-132,11.0,1395.0,Instock,42
Panjabi,Edward Embroidered Panjabi - 40,106-0101-132,0.0,1395.0,Outofstock,40
Panjabi,Smooth Beige Embroidered Panjabi - 46,106-0101-131,6.0,1395.0,Instock,46
Panjabi,Smooth Beige Embroidered Panjabi - 44,106-0101-131,9.0,1395.0,Instock,44
Panjabi,Smooth Beige Embroidered Panjabi - 42,106-0101-131,2.0,1395.0,Instock,42
Panjabi,Smooth Beige Embroidered Panjabi - 40,106-0101-131,0.0,1395.0,Outofstock,40
Drop Shoulder,Retro Car Print Drop Shoulder T-Shirt - 3XL,105-0301-003,0.0,632.0,Outofstock,3XL
Drop Shoulder,Retro Car Print Drop Shoulder T-Shirt - 2XL,105-0301-003,0.0,632.0,Outofstock,2XL
Drop Shoulder,Retro Car Print Drop Shoulder T-Shirt - XL,105-0301-003,0.0,632.0,Outofstock,XL
Drop Shoulder,Retro Car Print Drop Shoulder T-Shirt - L,105-0301-003,0.0,632.0,Outofstock,L
Drop Shoulder,Retro Car Print Drop Shoulder T-Shirt - M,105-0301-003,0.0,632.0,Outofstock,M
Panjabi,Mozzarella Embroidered Panjabi - 46,106-0101-130,0.0,1395.0,Outofstock,46
Panjabi,Mozzarella Embroidered Panjabi - 44,106-0101-130,1.0,1395.0,Instock,44
Panjabi,Mozzarella Embroidered Panjabi - 42,106-0101-130,0.0,1395.0,Outofstock,42
Panjabi,Mozzarella Embroidered Panjabi - 40,106-0101-130,0.0,1395.0,Outofstock,40
Panjabi,Arrowtown Embroidered Panjabi - 46,106-0101-134,5.0,1595.0,Instock,46
Panjabi,Arrowtown Embroidered Panjabi - 44,106-0101-134,10.0,1595.0,Instock,44
Panjabi,Arrowtown Embroidered Panjabi - 42,106-0101-134,12.0,1595.0,Instock,42
Panjabi,Arrowtown Embroidered Panjabi - 40,106-0101-134,5.0,1595.0,Instock,40
Panjabi,Board Brown Embroidered Panjabi - 46,106-0101-127,0.0,1495.0,Outofstock,46
Panjabi,Board Brown Embroidered Panjabi - 44,106-0101-127,3.0,1495.0,Instock,44
Panjabi,Board Brown Embroidered Panjabi - 42,106-0101-127,1.0,1495.0,Instock,42
Panjabi,Board Brown Embroidered Panjabi - 40,106-0101-127,0.0,1495.0,Outofstock,40
Panjabi,Green Printed Semi Formal Panjabi - 46,106-0101-110,3.0,1245.0,Instock,46
Panjabi,Green Printed Semi Formal Panjabi - 44,106-0101-110,3.0,1245.0,Instock,44
Panjabi,Green Printed Semi Formal Panjabi - 42,106-0101-110,6.0,1245.0,Instock,42
Panjabi,Green Printed Semi Formal Panjabi - 40,106-0101-110,8.0,1245.0,Instock,40
Panjabi,Green Printed Semi Formal Panjabi - 38,106-0101-110,4.0,1245.0,Instock,38
Panjabi,Black Motif Semi Formal Panjabi - 46,106-0101-121,0.0,1295.0,Outofstock,46
Panjabi,Black Motif Semi Formal Panjabi - 44,106-0101-121,2.0,1295.0,Instock,44
Panjabi,Black Motif Semi Formal Panjabi - 42,106-0101-121,2.0,1295.0,Instock,42
Panjabi,Black Motif Semi Formal Panjabi - 40,106-0101-121,2.0,1295.0,Instock,40
Panjabi,Black Motif Semi Formal Panjabi - 38,106-0101-121,1.0,1295.0,Instock,38
Panjabi,Motif Printed Semi Formal Panjabi - 46,106-0101-113,2.0,1295.0,Instock,46
Panjabi,Motif Printed Semi Formal Panjabi - 44,106-0101-113,2.0,1295.0,Instock,44
Panjabi,Motif Printed Semi Formal Panjabi - 42,106-0101-113,1.0,1295.0,Instock,42
Panjabi,Motif Printed Semi Formal Panjabi - 40,106-0101-113,2.0,1295.0,Instock,40
Panjabi,Motif Printed Semi Formal Panjabi - 38,106-0101-113,0.0,1295.0,Outofstock,38
Panjabi,Paisley Printed Semi Formal Panjabi - 38,106-0101-120,1.0,1245.0,Instock,38
Panjabi,Paisley Printed Semi Formal Panjabi - 46,106-0101-120,3.0,1245.0,Instock,46
Panjabi,Paisley Printed Semi Formal Panjabi - 44,106-0101-120,3.0,1245.0,Instock,44
Panjabi,Paisley Printed Semi Formal Panjabi - 42,106-0101-120,7.0,1245.0,Instock,42
Panjabi,Paisley Printed Semi Formal Panjabi - 40,106-0101-120,8.0,1245.0,Instock,40
Panjabi,Ivory Floral Semi Formal Panjabi - 46,106-0101-112,3.0,1245.0,Instock,46
Panjabi,Ivory Floral Semi Formal Panjabi - 44,106-0101-112,5.0,1245.0,Instock,44
Panjabi,Ivory Floral Semi Formal Panjabi - 42,106-0101-112,8.0,1245.0,Instock,42
Panjabi,Ivory Floral Semi Formal Panjabi - 40,106-0101-112,9.0,1245.0,Instock,40
Panjabi,Ivory Floral Semi Formal Panjabi - 38,106-0101-112,2.0,1245.0,Instock,38
Panjabi,Motif Printed Semi Formal Panjabi - 46,106-0101-114,4.0,1295.0,Instock,46
Panjabi,Motif Printed Semi Formal Panjabi - 44,106-0101-114,4.0,1295.0,Instock,44
Panjabi,Motif Printed Semi Formal Panjabi - 42,106-0101-114,2.0,1295.0,Instock,42
Panjabi,Motif Printed Semi Formal Panjabi - 40,106-0101-114,6.0,1295.0,Instock,40
Panjabi,Motif Printed Semi Formal Panjabi - 38,106-0101-114,5.0,1295.0,Instock,38
Panjabi,Abstract Motif Semi Formal Panjabi - 46,106-0101-143,1.0,1295.0,Instock,46
Panjabi,Abstract Motif Semi Formal Panjabi - 44,106-0101-143,1.0,1295.0,Instock,44
Panjabi,Abstract Motif Semi Formal Panjabi - 42,106-0101-143,4.0,1295.0,Instock,42
Panjabi,Abstract Motif Semi Formal Panjabi - 40,106-0101-143,3.0,1295.0,Instock,40
Panjabi,Abstract Motif Semi Formal Panjabi - 38,106-0101-143,0.0,1295.0,Outofstock,38
Panjabi,Grey Floral Semi Formal Panjabi - 46,106-0101-111,2.0,1245.0,Instock,46
Panjabi,Grey Floral Semi Formal Panjabi - 44,106-0101-111,5.0,1245.0,Instock,44
Panjabi,Grey Floral Semi Formal Panjabi - 42,106-0101-111,8.0,1245.0,Instock,42
Panjabi,Grey Floral Semi Formal Panjabi - 40,106-0101-111,7.0,1245.0,Instock,40
Panjabi,Grey Floral Semi Formal Panjabi - 38,106-0101-111,3.0,1245.0,Instock,38
Panjabi,Warm Grey Semi Formal Panjabi - 46,106-0101-142,1.0,1245.0,Instock,46
Panjabi,Warm Grey Semi Formal Panjabi - 44,106-0101-142,1.0,1245.0,Instock,44
Panjabi,Warm Grey Semi Formal Panjabi - 42,106-0101-142,8.0,1245.0,Instock,42
Panjabi,Warm Grey Semi Formal Panjabi - 40,106-0101-142,2.0,1245.0,Instock,40
Panjabi,Warm Grey Semi Formal Panjabi - 38,106-0101-142,2.0,1245.0,Instock,38
Panjabi,Grey Subtle Semi Formal Panjabi - 46,106-0101-141,3.0,1245.0,Instock,46
Panjabi,Grey Subtle Semi Formal Panjabi - 44,106-0101-141,0.0,1245.0,Outofstock,44
Panjabi,Grey Subtle Semi Formal Panjabi - 42,106-0101-141,9.0,1245.0,Instock,42
Panjabi,Grey Subtle Semi Formal Panjabi - 40,106-0101-141,8.0,1245.0,Instock,40
Panjabi,Grey Subtle Semi Formal Panjabi - 38,106-0101-141,3.0,1245.0,Instock,38
Panjabi,Muted Teal Semi Formal Panjabi - 46,106-0101-140,3.0,1245.0,Instock,46
Panjabi,Muted Teal Semi Formal Panjabi - 44,106-0101-140,4.0,1245.0,Instock,44
Panjabi,Muted Teal Semi Formal Panjabi - 42,106-0101-140,5.0,1245.0,Instock,42
Panjabi,Muted Teal Semi Formal Panjabi - 40,106-0101-140,3.0,1245.0,Instock,40
Panjabi,Muted Teal Semi Formal Panjabi - 38,106-0101-140,0.0,1245.0,Outofstock,38
Panjabi,Ash Beige Semi Formal Panjabi - 46,106-0101-119,3.0,1245.0,Instock,46
Panjabi,Ash Beige Semi Formal Panjabi - 44,106-0101-119,2.0,1245.0,Instock,44
Panjabi,Ash Beige Semi Formal Panjabi - 42,106-0101-119,6.0,1245.0,Instock,42
Panjabi,Ash Beige Semi Formal Panjabi - 40,106-0101-119,7.0,1245.0,Instock,40
Panjabi,Ash Beige Semi Formal Panjabi - 38,106-0101-119,1.0,1245.0,Instock,38
Panjabi,Stone Grey Semi Formal Panjabi - 46,106-0101-118,5.0,1245.0,Instock,46
Panjabi,Stone Grey Semi Formal Panjabi - 44,106-0101-118,1.0,1245.0,Instock,44
Panjabi,Stone Grey Semi Formal Panjabi - 42,106-0101-118,6.0,1245.0,Instock,42
Panjabi,Stone Grey Semi Formal Panjabi - 40,106-0101-118,10.0,1245.0,Instock,40
Panjabi,Stone Grey Semi Formal Panjabi - 38,106-0101-118,3.0,1245.0,Instock,38
Panjabi,Ash Grey Semi Formal Panjabi - 46,106-0101-125,3.0,1095.0,Instock,46
Panjabi,Ash Grey Semi Formal Panjabi - 44,106-0101-125,3.0,1095.0,Instock,44
Panjabi,Ash Grey Semi Formal Panjabi - 42,106-0101-125,4.0,1095.0,Instock,42
Panjabi,Ash Grey Semi Formal Panjabi - 40,106-0101-125,7.0,1095.0,Instock,40
Panjabi,Ash Grey Semi Formal Panjabi - 38,106-0101-125,5.0,1095.0,Instock,38
Panjabi,Grey Semi Formal Panjabi - 46,106-0101-126,0.0,1095.0,Outofstock,46
Panjabi,Grey Semi Formal Panjabi - 44,106-0101-126,2.0,1095.0,Instock,44
Panjabi,Grey Semi Formal Panjabi - 42,106-0101-126,8.0,1095.0,Instock,42
Panjabi,Grey Semi Formal Panjabi - 40,106-0101-126,8.0,1095.0,Instock,40
Panjabi,Grey Semi Formal Panjabi - 38,106-0101-126,1.0,1095.0,Instock,38
Panjabi,Gold Semi Formal Panjabi - 46,106-0101-123,0.0,1295.0,Outofstock,46
Panjabi,Gold Semi Formal Panjabi - 44,106-0101-123,-1.0,1295.0,Outofstock,44
Panjabi,Gold Semi Formal Panjabi - 42,106-0101-123,0.0,1295.0,Outofstock,42
Panjabi,Gold Semi Formal Panjabi - 40,106-0101-123,0.0,1295.0,Outofstock,40
Panjabi,Gold Semi Formal Panjabi - 38,106-0101-123,0.0,1295.0,Outofstock,38
Panjabi,Olive Semi Formal Panjabi - 46,106-0101-104,0.0,1095.0,Outofstock,46
Panjabi,Olive Semi Formal Panjabi - 44,106-0101-104,1.0,1095.0,Instock,44
Panjabi,Olive Semi Formal Panjabi - 42,106-0101-104,0.0,1095.0,Outofstock,42
Panjabi,Olive Semi Formal Panjabi - 40,106-0101-104,0.0,1095.0,Outofstock,40
Panjabi,Olive Semi Formal Panjabi - 38,106-0101-104,0.0,1095.0,Outofstock,38
Panjabi,Black Semi Formal Panjabi - 46,106-0101-124,1.0,1245.0,Instock,46
Panjabi,Black Semi Formal Panjabi - 44,106-0101-124,3.0,1245.0,Instock,44
Panjabi,Black Semi Formal Panjabi - 42,106-0101-124,1.0,1245.0,Instock,42
Panjabi,Black Semi Formal Panjabi - 40,106-0101-124,0.0,1245.0,Outofstock,40
Panjabi,Black Semi Formal Panjabi - 38,106-0101-124,0.0,1245.0,Outofstock,38
Panjabi,Pearl Semi Formal Panjabi - 46,106-0101-107,2.0,1245.0,Instock,46
Panjabi,Pearl Semi Formal Panjabi - 44,106-0101-107,5.0,1245.0,Instock,44
Panjabi,Pearl Semi Formal Panjabi - 42,106-0101-107,6.0,1245.0,Instock,42
Panjabi,Pearl Semi Formal Panjabi - 40,106-0101-107,7.0,1245.0,Instock,40
Panjabi,Pearl Semi Formal Panjabi - 38,106-0101-107,3.0,1245.0,Instock,38
Panjabi,Cream Semi Formal Panjabi - 46,106-0101-108,1.0,1245.0,Instock,46
Panjabi,Cream Semi Formal Panjabi - 44,106-0101-108,1.0,1245.0,Instock,44
Panjabi,Cream Semi Formal Panjabi - 42,106-0101-108,0.0,1245.0,Outofstock,42
Panjabi,Cream Semi Formal Panjabi - 40,106-0101-108,8.0,1245.0,Instock,40
Panjabi,Cream Semi Formal Panjabi - 38,106-0101-108,4.0,1245.0,Instock,38
Panjabi,Artistic Semi Formal Panjabi - 46,106-0101-122,4.0,1245.0,Instock,46
Panjabi,Artistic Semi Formal Panjabi - 44,106-0101-122,4.0,1245.0,Instock,44
Panjabi,Artistic Semi Formal Panjabi - 42,106-0101-122,0.0,1245.0,Outofstock,42
Panjabi,Artistic Semi Formal Panjabi - 40,106-0101-122,8.0,1245.0,Instock,40
Panjabi,Artistic Semi Formal Panjabi - 38,106-0101-122,1.0,1245.0,Instock,38
Panjabi,Grey Semi Formal Panjabi - 46,106-0101-109,1.0,1245.0,Instock,46
Panjabi,Grey Semi Formal Panjabi - 44,106-0101-109,0.0,1245.0,Outofstock,44
Panjabi,Grey Semi Formal Panjabi - 42,106-0101-109,0.0,1245.0,Outofstock,42
Panjabi,Grey Semi Formal Panjabi - 40,106-0101-109,0.0,1245.0,Outofstock,40
Panjabi,Grey Semi Formal Panjabi - 38,106-0101-109,0.0,1245.0,Outofstock,38
Panjabi,Lavender Semi Formal Panjabi - 46,106-0101-105,0.0,1295.0,Outofstock,46
Panjabi,Lavender Semi Formal Panjabi - 44,106-0101-105,0.0,1295.0,Outofstock,44
Panjabi,Lavender Semi Formal Panjabi - 42,106-0101-105,0.0,1295.0,Outofstock,42
Panjabi,Lavender Semi Formal Panjabi - 40,106-0101-105,0.0,1295.0,Outofstock,40
Panjabi,Lavender Semi Formal Panjabi - 38,106-0101-105,0.0,1295.0,Outofstock,38
Jeans,High-End Light Blue Jeans - Regular Fit - 38,101-0200-150,20.0,2390.0,Instock,38
Jeans,High-End Light Blue Jeans - Regular Fit - 36,101-0200-150,75.0,2390.0,Instock,36
Jeans,High-End Light Blue Jeans - Regular Fit - 34,101-0200-150,145.0,2390.0,Instock,34
Jeans,High-End Light Blue Jeans - Regular Fit - 32,101-0200-150,101.0,2390.0,Instock,32
Jeans,High-End Light Blue Jeans - Regular Fit - 30,101-0200-150,0.0,2390.0,Outofstock,30
Jeans,High-End Whisker Faded Jeans - Regular Fit - 38,101-0200-151,11.0,2490.0,Instock,38
Jeans,High-End Whisker Faded Jeans - Regular Fit - 36,101-0200-151,52.0,2490.0,Instock,36
Jeans,High-End Whisker Faded Jeans - Regular Fit - 34,101-0200-151,144.0,2490.0,Instock,34
Jeans,High-End Whisker Faded Jeans - Regular Fit - 32,101-0200-151,137.0,2490.0,Instock,32
Jeans,High-End Whisker Faded Jeans - Regular Fit - 30,101-0200-151,0.0,2490.0,Outofstock,30
T-Shirt,Pineapple Print Shirt - 3XL,102-OPRS2,0.0,849.0,Outofstock,3XL
T-Shirt,Pineapple Print Shirt - 2XL,102-OPRS2,1.0,849.0,Instock,2XL
T-Shirt,Pineapple Print Shirt - XL,102-OPRS2,0.0,849.0,Outofstock,XL
T-Shirt,Pineapple Print Shirt - L,102-OPRS2,0.0,849.0,Outofstock,L
T-Shirt,Pineapple Print Shirt - M,102-OPRS2,0.0,849.0,Outofstock,M
HS Shirt,Pink Stripe Shirt - 3XL,102-OPRS1,0.0,849.0,Outofstock,3XL
HS Shirt,Pink Stripe Shirt - 2XL,102-OPRS1,0.0,849.0,Outofstock,2XL
HS Shirt,Pink Stripe Shirt - XL,102-OPRS1,1.0,849.0,Instock,XL
HS Shirt,Pink Stripe Shirt - L,102-OPRS1,0.0,849.0,Outofstock,L
HS Shirt,Pink Stripe Shirt - M,102-OPRS1,0.0,849.0,Outofstock,M
Jeans,High-End Vintage Wash Jeans - Regular Fit - 38,101-0200-149,9.0,2331.0,Instock,38
Jeans,High-End Vintage Wash Jeans - Regular Fit - 36,101-0200-149,33.0,2331.0,Instock,36
Jeans,High-End Vintage Wash Jeans - Regular Fit - 34,101-0200-149,132.0,2331.0,Instock,34
Jeans,High-End Vintage Wash Jeans - Regular Fit - 32,101-0200-149,81.0,2331.0,Instock,32
Jeans,High-End Vintage Wash Jeans - Regular Fit - 30,101-0200-149,0.0,2331.0,Outofstock,30
T-Shirt,Sea Green T-shirt - 3XL,105-OPRS1,0.0,320.0,Outofstock,3XL
T-Shirt,Sea Green T-shirt - 2XL,105-OPRS1,0.0,320.0,Outofstock,2XL
T-Shirt,Sea Green T-shirt - XL,105-OPRS1,0.0,320.0,Outofstock,XL
T-Shirt,Sea Green T-shirt - L,105-OPRS1,1.0,320.0,Instock,L
T-Shirt,Sea Green T-shirt - M,105-OPRS1,0.0,320.0,Outofstock,M
T-Shirt,Essential Black T-shirt - 3XL,105-0101-380,0.0,512.0,Outofstock,3XL
T-Shirt,Essential Black T-shirt - 2XL,105-0101-380,0.0,512.0,Outofstock,2XL
T-Shirt,Essential Black T-shirt - XL,105-0101-380,0.0,512.0,Outofstock,XL
T-Shirt,Essential Black T-shirt - L,105-0101-380,0.0,512.0,Outofstock,L
T-Shirt,Essential Black T-shirt - M,105-0101-380,0.0,512.0,Outofstock,M
T-Shirt,Essential White T-shirt - 3XL,105-0101-379,23.0,512.0,Instock,3XL
T-Shirt,Essential White T-shirt - 2XL,105-0101-379,11.0,512.0,Instock,2XL
T-Shirt,Essential White T-shirt - XL,105-0101-379,0.0,512.0,Outofstock,XL
T-Shirt,Essential White T-shirt - L,105-0101-379,0.0,512.0,Outofstock,L
T-Shirt,Essential White T-shirt - M,105-0101-379,0.0,512.0,Outofstock,M
T-Shirt,Mocha Rock T-shirt - 3XL,105-0101-378,0.0,512.0,Outofstock,3XL
T-Shirt,Mocha Rock T-shirt - 2XL,105-0101-378,0.0,512.0,Outofstock,2XL
T-Shirt,Mocha Rock T-shirt - XL,105-0101-378,0.0,512.0,Outofstock,XL
T-Shirt,Mocha Rock T-shirt - L,105-0101-378,0.0,512.0,Outofstock,L
T-Shirt,Mocha Rock T-shirt - M,105-0101-378,0.0,512.0,Outofstock,M
T-Shirt,Warm Spice T-shirt - 3XL,105-0101-377,16.0,472.0,Instock,3XL
T-Shirt,Warm Spice T-shirt - 2XL,105-0101-377,0.0,472.0,Outofstock,2XL
T-Shirt,Warm Spice T-shirt - XL,105-0101-377,0.0,472.0,Outofstock,XL
T-Shirt,Warm Spice T-shirt - L,105-0101-377,0.0,472.0,Outofstock,L
T-Shirt,Warm Spice T-shirt - M,105-0101-377,0.0,472.0,Outofstock,M
T-Shirt,City Slate T-shirt - 3XL,105-0101-376,-1.0,512.0,Outofstock,3XL
T-Shirt,City Slate T-shirt - 2XL,105-0101-376,0.0,512.0,Outofstock,2XL
T-Shirt,City Slate T-shirt - XL,105-0101-376,0.0,512.0,Outofstock,XL
T-Shirt,City Slate T-shirt - L,105-0101-376,0.0,512.0,Outofstock,L
T-Shirt,City Slate T-shirt - M,105-0101-376,0.0,512.0,Outofstock,M
T-Shirt,Earth Hemp T-shirt - 3XL,105-0101-375,25.0,472.0,Instock,3XL
T-Shirt,Earth Hemp T-shirt - 2XL,105-0101-375,8.0,472.0,Instock,2XL
T-Shirt,Earth Hemp T-shirt - XL,105-0101-375,23.0,472.0,Instock,XL
T-Shirt,Earth Hemp T-shirt - L,105-0101-375,24.0,472.0,Instock,L
T-Shirt,Earth Hemp T-shirt - M,105-0101-375,0.0,472.0,Outofstock,M
T-Shirt,Rust Bloom T-shirt - 3XL,105-0101-373,-1.0,512.0,Outofstock,3XL
T-Shirt,Rust Bloom T-shirt - 2XL,105-0101-373,0.0,512.0,Outofstock,2XL
T-Shirt,Rust Bloom T-shirt - XL,105-0101-373,0.0,512.0,Outofstock,XL
T-Shirt,Rust Bloom T-shirt - L,105-0101-373,0.0,512.0,Outofstock,L
T-Shirt,Rust Bloom T-shirt - M,105-0101-373,0.0,512.0,Outofstock,M
T-Shirt,Deep Harbor T-shirt - 3XL,105-0101-372,0.0,512.0,Outofstock,3XL
T-Shirt,Deep Harbor T-shirt - 2XL,105-0101-372,0.0,512.0,Outofstock,2XL
T-Shirt,Deep Harbor T-shirt - XL,105-0101-372,-2.0,512.0,Outofstock,XL
T-Shirt,Deep Harbor T-shirt - L,105-0101-372,0.0,512.0,Outofstock,L
T-Shirt,Deep Harbor T-shirt - M,105-0101-372,0.0,512.0,Outofstock,M
T-Shirt,Golden Corn T-shirt - 3XL,105-0101-374,32.0,472.0,Instock,3XL
T-Shirt,Golden Corn T-shirt - 2XL,105-0101-374,24.0,472.0,Instock,2XL
T-Shirt,Golden Corn T-shirt - XL,105-0101-374,48.0,472.0,Instock,XL
T-Shirt,Golden Corn T-shirt - L,105-0101-374,42.0,472.0,Instock,L
T-Shirt,Golden Corn T-shirt - M,105-0101-374,11.0,472.0,Instock,M
Jeans,Grey Jeans - Slim Fit - 38,101-0100-134,0.0,1272.0,Outofstock,38
Jeans,Grey Jeans - Slim Fit - 36,101-0100-134,0.0,1272.0,Outofstock,36
Jeans,Grey Jeans - Slim Fit - 34,101-0100-134,0.0,1272.0,Outofstock,34
Jeans,Grey Jeans - Slim Fit - 32,101-0100-134,0.0,1272.0,Outofstock,32
Jeans,Grey Jeans - Slim Fit - 30,101-0100-134,0.0,1272.0,Outofstock,30
Jeans,Grey Jeans - Slim Fit - 28,101-0100-134,19.0,1272.0,Instock,28
T-Shirt,Green Essence T-shirt - 3XL,105-0101-371,23.0,472.0,Instock,3XL
T-Shirt,Green Essence T-shirt - 2XL,105-0101-371,17.0,472.0,Instock,2XL
T-Shirt,Green Essence T-shirt - XL,105-0101-371,63.0,472.0,Instock,XL
T-Shirt,Green Essence T-shirt - L,105-0101-371,48.0,472.0,Instock,L
T-Shirt,Green Essence T-shirt - M,105-0101-371,17.0,472.0,Instock,M
Panjabi,Embroidered Cotton Panjabi - 44,106-0101-065,0.0,999.0,Outofstock,44
Panjabi,Embroidered Cotton Panjabi - 42,106-0101-065,0.0,999.0,Outofstock,42
Panjabi,Embroidered Cotton Panjabi - 40,106-0101-065,0.0,999.0,Outofstock,40
Panjabi,Black Cotton Panjabi - 44,106-0101-038,0.0,950.0,Outofstock,44
Panjabi,Black Cotton Panjabi - 42,106-0101-038,0.0,950.0,Outofstock,42
Panjabi,Black Cotton Panjabi - 40,106-0101-038,0.0,950.0,Outofstock,40
Panjabi,Indigo Purple Cotton Panjabi - 44,106-0101-030,0.0,1099.0,Outofstock,44
Panjabi,Indigo Purple Cotton Panjabi - 42,106-0101-030,0.0,1099.0,Outofstock,42
Panjabi,Indigo Purple Cotton Panjabi - 40,106-0101-030,0.0,1099.0,Outofstock,40
Panjabi,Silver Ash Cotton Panjabi - 44,106-0101-026,0.0,1329.3,Outofstock,44
Panjabi,Silver Ash Cotton Panjabi - 42,106-0101-026,0.0,1329.3,Outofstock,42
Panjabi,Silver Ash Cotton Panjabi - 40,106-0101-026,0.0,1329.3,Outofstock,40
Panjabi,Olive Cotton Panjabi - 44,106-0101-037,0.0,950.0,Outofstock,44
Panjabi,Olive Cotton Panjabi - 42,106-0101-037,0.0,950.0,Outofstock,42
Panjabi,Olive Cotton Panjabi - 40,106-0101-037,0.0,950.0,Outofstock,40
Panjabi,White Cotton Panjabi - 44,106-0101-025,0.0,950.0,Outofstock,44
Panjabi,White Cotton Panjabi - 42,106-0101-025,0.0,950.0,Outofstock,42
Panjabi,White Cotton Panjabi - 40,106-0101-025,0.0,950.0,Outofstock,40
Panjabi,Black Cotton Panjabi - 44,106-0101-024,0.0,950.0,Outofstock,44
Panjabi,Black Cotton Panjabi - 42,106-0101-024,0.0,950.0,Outofstock,42
Panjabi,Black Cotton Panjabi - 40,106-0101-024,0.0,950.0,Outofstock,40
FS Shirt,Acid Light Blue Denim Shirt – Double Pocket - 3XL,102-0402-037,0.0,630.0,Outofstock,3XL
FS Shirt,Acid Light Blue Denim Shirt – Double Pocket - 2XL,102-0402-037,0.0,630.0,Outofstock,2XL
FS Shirt,Acid Light Blue Denim Shirt – Double Pocket - XL,102-0402-037,0.0,630.0,Outofstock,XL
FS Shirt,Acid Light Blue Denim Shirt – Double Pocket - L,102-0402-037,0.0,630.0,Outofstock,L
FS Shirt,Acid Light Blue Denim Shirt – Double Pocket - M,102-0402-037,0.0,630.0,Outofstock,M
Jeans,JEANS 148 - 38,101-0200-148,0.0,845.0,Outofstock,38
Jeans,JEANS 148 - 36,101-0200-148,0.0,845.0,Outofstock,36
Jeans,JEANS 148 - 34,101-0200-148,0.0,845.0,Outofstock,34
Jeans,JEANS 148 - 32,101-0200-148,0.0,845.0,Outofstock,32
Jeans,JEANS 148 - 30,101-0200-148,0.0,845.0,Outofstock,30
Jeans,JEANS 148 - 28,101-0200-148,0.0,845.0,Outofstock,28
FS Shirt,Mid Blue Denim Shirt - Double Pocket - 3XL,102-0402-036,0.0,630.0,Outofstock,3XL
FS Shirt,Mid Blue Denim Shirt - Double Pocket - 2XL,102-0402-036,0.0,630.0,Outofstock,2XL
FS Shirt,Mid Blue Denim Shirt - Double Pocket - XL,102-0402-036,0.0,630.0,Outofstock,XL
FS Shirt,Mid Blue Denim Shirt - Double Pocket - L,102-0402-036,0.0,630.0,Outofstock,L
FS Shirt,Mid Blue Denim Shirt - Double Pocket - M,102-0402-036,0.0,630.0,Outofstock,M
FS Shirt,Dark Blue Denim Shirt- Double Pocket - 3XL,102-0402-035,0.0,630.0,Outofstock,3XL
FS Shirt,Dark Blue Denim Shirt- Double Pocket - 2XL,102-0402-035,2.0,630.0,Instock,2XL
FS Shirt,Dark Blue Denim Shirt- Double Pocket - XL,102-0402-035,51.0,630.0,Instock,XL
FS Shirt,Dark Blue Denim Shirt- Double Pocket - L,102-0402-035,0.0,630.0,Outofstock,L
FS Shirt,Dark Blue Denim Shirt- Double Pocket - M,102-0402-035,0.0,630.0,Outofstock,M
T-Shirt,Full Sleeve Side-Stripe T-shirt - 3XL,105-0201-037,13.0,364.0,Instock,3XL
T-Shirt,Full Sleeve Side-Stripe T-shirt - 2XL,105-0201-037,1.0,364.0,Instock,2XL
T-Shirt,Full Sleeve Side-Stripe T-shirt - XL,105-0201-037,4.0,364.0,Instock,XL
T-Shirt,Full Sleeve Side-Stripe T-shirt - L,105-0201-037,0.0,364.0,Outofstock,L
T-Shirt,Full Sleeve Side-Stripe T-shirt - M,105-0201-037,0.0,364.0,Outofstock,M
T-Shirt,Full Sleeve Graphic T-shirt - 3XL,105-0201-036,0.0,364.0,Outofstock,3XL
T-Shirt,Full Sleeve Graphic T-shirt - 2XL,105-0201-036,0.0,364.0,Outofstock,2XL
T-Shirt,Full Sleeve Graphic T-shirt - XL,105-0201-036,0.0,364.0,Outofstock,XL
T-Shirt,Full Sleeve Graphic T-shirt - L,105-0201-036,0.0,364.0,Outofstock,L
T-Shirt,Full Sleeve Graphic T-shirt - M,105-0201-036,0.0,364.0,Outofstock,M
T-Shirt,Full Sleeve Maroon Panel T-shirt - 3XL,105-0201-035,7.0,364.0,Instock,3XL
T-Shirt,Full Sleeve Maroon Panel T-shirt - 2XL,105-0201-035,0.0,364.0,Outofstock,2XL
T-Shirt,Full Sleeve Maroon Panel T-shirt - XL,105-0201-035,0.0,364.0,Outofstock,XL
T-Shirt,Full Sleeve Maroon Panel T-shirt - L,105-0201-035,0.0,364.0,Outofstock,L
T-Shirt,Full Sleeve Maroon Panel T-shirt - M,105-0201-035,0.0,364.0,Outofstock,M
T-Shirt,Full Sleeve Mustard StripeT-shirt - 3XL,105-0201-034,26.0,364.0,Instock,3XL
T-Shirt,Full Sleeve Mustard StripeT-shirt - 2XL,105-0201-034,21.0,364.0,Instock,2XL
T-Shirt,Full Sleeve Mustard StripeT-shirt - XL,105-0201-034,41.0,364.0,Instock,XL
T-Shirt,Full Sleeve Mustard StripeT-shirt - L,105-0201-034,21.0,364.0,Instock,L
T-Shirt,Full Sleeve Mustard StripeT-shirt - M,105-0201-034,11.0,364.0,Instock,M
T-Shirt,Full Sleeve White Stripe T-shirt - 3XL,105-0201-032,15.0,364.0,Instock,3XL
T-Shirt,Full Sleeve White Stripe T-shirt - 2XL,105-0201-032,2.0,364.0,Instock,2XL
T-Shirt,Full Sleeve White Stripe T-shirt - XL,105-0201-032,-1.0,364.0,Outofstock,XL
T-Shirt,Full Sleeve White Stripe T-shirt - L,105-0201-032,0.0,364.0,Outofstock,L
T-Shirt,Full Sleeve White Stripe T-shirt - M,105-0201-032,0.0,364.0,Outofstock,M
T-Shirt,Full Sleeve Color-Block T-shirt - 3XL,105-0201-030,15.0,364.0,Instock,3XL
T-Shirt,Full Sleeve Color-Block T-shirt - 2XL,105-0201-030,13.0,364.0,Instock,2XL
T-Shirt,Full Sleeve Color-Block T-shirt - XL,105-0201-030,3.0,364.0,Instock,XL
T-Shirt,Full Sleeve Color-Block T-shirt - L,105-0201-030,0.0,364.0,Outofstock,L
T-Shirt,Full Sleeve Color-Block T-shirt - M,105-0201-030,0.0,364.0,Outofstock,M
T-Shirt,Full Sleeve Trio-Tone T-shirt - 3XL,105-0201-031,17.0,364.0,Instock,3XL
T-Shirt,Full Sleeve Trio-Tone T-shirt - 2XL,105-0201-031,29.0,364.0,Instock,2XL
T-Shirt,Full Sleeve Trio-Tone T-shirt - XL,105-0201-031,25.0,364.0,Instock,XL
T-Shirt,Full Sleeve Trio-Tone T-shirt - L,105-0201-031,18.0,364.0,Instock,L
T-Shirt,Full Sleeve Trio-Tone T-shirt - M,105-0201-031,13.0,364.0,Instock,M
T-Shirt,Full Sleeve Sea-Green Stripe T-shirt - 3XL,105-0201-028,0.0,364.0,Outofstock,3XL
T-Shirt,Full Sleeve Sea-Green Stripe T-shirt - 2XL,105-0201-028,0.0,364.0,Outofstock,2XL
T-Shirt,Full Sleeve Sea-Green Stripe T-shirt - XL,105-0201-028,0.0,364.0,Outofstock,XL
T-Shirt,Full Sleeve Sea-Green Stripe T-shirt - L,105-0201-028,0.0,364.0,Outofstock,L
T-Shirt,Full Sleeve Sea-Green Stripe T-shirt - M,105-0201-028,0.0,364.0,Outofstock,M
T-Shirt,Full Sleeve Black T-shirt - 3XL,105-0201-029,14.0,364.0,Instock,3XL
T-Shirt,Full Sleeve Black T-shirt - 2XL,105-0201-029,9.0,364.0,Instock,2XL
T-Shirt,Full Sleeve Black T-shirt - XL,105-0201-029,0.0,364.0,Outofstock,XL
T-Shirt,Full Sleeve Black T-shirt - L,105-0201-029,0.0,364.0,Outofstock,L
T-Shirt,Full Sleeve Black T-shirt - M,105-0201-029,0.0,364.0,Outofstock,M
T-Shirt,Full Sleeve Neon Stripe T-shirt - 3XL,105-0201-033,21.0,364.0,Instock,3XL
T-Shirt,Full Sleeve Neon Stripe T-shirt - 2XL,105-0201-033,21.0,364.0,Instock,2XL
T-Shirt,Full Sleeve Neon Stripe T-shirt - XL,105-0201-033,35.0,364.0,Instock,XL
T-Shirt,Full Sleeve Neon Stripe T-shirt - L,105-0201-033,29.0,364.0,Instock,L
T-Shirt,Full Sleeve Neon Stripe T-shirt - M,105-0201-033,11.0,364.0,Instock,M
FS Shirt,Ivory Brown Twin Flannel Shirt - 3XL,102-0302-060,0.0,474.0,Outofstock,3XL
FS Shirt,Ivory Brown Twin Flannel Shirt - 2XL,102-0302-060,0.0,474.0,Outofstock,2XL
FS Shirt,Ivory Brown Twin Flannel Shirt - XL,102-0302-060,0.0,474.0,Outofstock,XL
FS Shirt,Ivory Brown Twin Flannel Shirt - L,102-0302-060,0.0,474.0,Outofstock,L
FS Shirt,Ivory Brown Twin Flannel Shirt - M,102-0302-060,0.0,474.0,Outofstock,M
FS Shirt,Soft Grey Minimal Plaid Flannel Shirt - 3XL,102-0302-056,0.0,665.0,Outofstock,3XL
FS Shirt,Soft Grey Minimal Plaid Flannel Shirt - 2XL,102-0302-056,0.0,665.0,Outofstock,2XL
FS Shirt,Soft Grey Minimal Plaid Flannel Shirt - XL,102-0302-056,0.0,665.0,Outofstock,XL
FS Shirt,Soft Grey Minimal Plaid Flannel Shirt - L,102-0302-056,0.0,665.0,Outofstock,L
FS Shirt,Soft Grey Minimal Plaid Flannel Shirt - M,102-0302-056,0.0,665.0,Outofstock,M
FS Shirt,Pearl White Checker Plaid Flannel Shirt - 3XL,102-0302-054,0.0,699.0,Outofstock,3XL
FS Shirt,Pearl White Checker Plaid Flannel Shirt - 2XL,102-0302-054,0.0,699.0,Outofstock,2XL
FS Shirt,Pearl White Checker Plaid Flannel Shirt - XL,102-0302-054,0.0,699.0,Outofstock,XL
FS Shirt,Pearl White Checker Plaid Flannel Shirt - L,102-0302-054,0.0,699.0,Outofstock,L
FS Shirt,Pearl White Checker Plaid Flannel Shirt - M,102-0302-054,0.0,699.0,Outofstock,M
FS Shirt,Rust Brown Micro Check Flannel Shirt - 3XL,102-0302-059,0.0,665.0,Outofstock,3XL
FS Shirt,Rust Brown Micro Check Flannel Shirt - 2XL,102-0302-059,0.0,665.0,Outofstock,2XL
FS Shirt,Rust Brown Micro Check Flannel Shirt - XL,102-0302-059,0.0,665.0,Outofstock,XL
FS Shirt,Rust Brown Micro Check Flannel Shirt - L,102-0302-059,0.0,665.0,Outofstock,L
FS Shirt,Rust Brown Micro Check Flannel Shirt - M,102-0302-059,0.0,665.0,Outofstock,M
FS Shirt,Ivory Brown Windowpane Flannel Shirt - 3XL,102-0302-053,0.0,664.0,Outofstock,3XL
FS Shirt,Ivory Brown Windowpane Flannel Shirt - 2XL,102-0302-053,0.0,664.0,Outofstock,2XL
FS Shirt,Ivory Brown Windowpane Flannel Shirt - XL,102-0302-053,0.0,664.0,Outofstock,XL
FS Shirt,Ivory Brown Windowpane Flannel Shirt - L,102-0302-053,0.0,664.0,Outofstock,L
FS Shirt,Ivory Brown Windowpane Flannel Shirt - M,102-0302-053,0.0,664.0,Outofstock,M
FS Shirt,Silver Grey Shadow Plaid Flannel Shirt - 3XL,102-0302-058,0.0,699.0,Outofstock,3XL
FS Shirt,Silver Grey Shadow Plaid Flannel Shirt - 2XL,102-0302-058,0.0,699.0,Outofstock,2XL
FS Shirt,Silver Grey Shadow Plaid Flannel Shirt - XL,102-0302-058,0.0,699.0,Outofstock,XL
FS Shirt,Silver Grey Shadow Plaid Flannel Shirt - L,102-0302-058,0.0,699.0,Outofstock,L
FS Shirt,Silver Grey Shadow Plaid Flannel Shirt - M,102-0302-058,0.0,699.0,Outofstock,M
FS Shirt,Forest Heritage Plaid Flannel Shirt - 3XL,102-0302-049,0.0,664.0,Outofstock,3XL
FS Shirt,Forest Heritage Plaid Flannel Shirt - 2XL,102-0302-049,0.0,664.0,Outofstock,2XL
FS Shirt,Forest Heritage Plaid Flannel Shirt - XL,102-0302-049,0.0,664.0,Outofstock,XL
FS Shirt,Forest Heritage Plaid Flannel Shirt - L,102-0302-049,0.0,664.0,Outofstock,L
FS Shirt,Forest Heritage Plaid Flannel Shirt - M,102-0302-049,0.0,664.0,Outofstock,M
Jeans,Jeans 116 - 38,101-0100-116,0.0,895.0,Outofstock,38
Jeans,Jeans 116 - 36,101-0100-116,0.0,795.0,Outofstock,36
Jeans,Jeans 116 - 34,101-0100-116,0.0,795.0,Outofstock,34
Jeans,Jeans 116 - 32,101-0100-116,0.0,795.0,Outofstock,32
Jeans,Jeans 116 - 30,101-0100-116,0.0,795.0,Outofstock,30
Jeans,Jeans 116 - 28,101-0100-116,0.0,795.0,Outofstock,28
FS Shirt,Ash Grey Autumn Check Flannel Shirt - 3XL,102-0302-050,0.0,664.0,Outofstock,3XL
FS Shirt,Ash Grey Autumn Check Flannel Shirt - 2XL,102-0302-050,0.0,664.0,Outofstock,2XL
FS Shirt,Ash Grey Autumn Check Flannel Shirt - XL,102-0302-050,0.0,664.0,Outofstock,XL
FS Shirt,Ash Grey Autumn Check Flannel Shirt - L,102-0302-050,0.0,664.0,Outofstock,L
FS Shirt,Ash Grey Autumn Check Flannel Shirt - M,102-0302-050,0.0,664.0,Outofstock,M
FS Shirt,Denim Blue Classic Check Flannel Shirt - 3XL,102-0302-057,0.0,665.0,Outofstock,3XL
FS Shirt,Denim Blue Classic Check Flannel Shirt - 2XL,102-0302-057,0.0,665.0,Outofstock,2XL
FS Shirt,Denim Blue Classic Check Flannel Shirt - XL,102-0302-057,0.0,665.0,Outofstock,XL
FS Shirt,Denim Blue Classic Check Flannel Shirt - L,102-0302-057,0.0,665.0,Outofstock,L
FS Shirt,Denim Blue Classic Check Flannel Shirt - M,102-0302-057,0.0,665.0,Outofstock,M
FS Shirt,Burgundy Rust Check Flannel Shirt - 3XL,102-0302-048,0.0,664.0,Outofstock,3XL
FS Shirt,Burgundy Rust Check Flannel Shirt - 2XL,102-0302-048,0.0,664.0,Outofstock,2XL
FS Shirt,Burgundy Rust Check Flannel Shirt - XL,102-0302-048,0.0,664.0,Outofstock,XL
FS Shirt,Burgundy Rust Check Flannel Shirt - L,102-0302-048,0.0,664.0,Outofstock,L
FS Shirt,Burgundy Rust Check Flannel Shirt - M,102-0302-048,0.0,664.0,Outofstock,M
FS Shirt,Charcoal Grey Plaid Flannel Shirt - 3XL,102-0302-047,0.0,699.0,Outofstock,3XL
FS Shirt,Charcoal Grey Plaid Flannel Shirt - 2XL,102-0302-047,0.0,699.0,Outofstock,2XL
FS Shirt,Charcoal Grey Plaid Flannel Shirt - XL,102-0302-047,0.0,699.0,Outofstock,XL
FS Shirt,Charcoal Grey Plaid Flannel Shirt - L,102-0302-047,0.0,699.0,Outofstock,L
FS Shirt,Charcoal Grey Plaid Flannel Shirt - M,102-0302-047,0.0,699.0,Outofstock,M
FS Shirt,Mint Green Classic Plaid Flannel Shirt - 3XL,102-0302-046,0.0,763.0,Outofstock,3XL
FS Shirt,Mint Green Classic Plaid Flannel Shirt - 2XL,102-0302-046,0.0,763.0,Outofstock,2XL
FS Shirt,Mint Green Classic Plaid Flannel Shirt - XL,102-0302-046,0.0,763.0,Outofstock,XL
FS Shirt,Mint Green Classic Plaid Flannel Shirt - L,102-0302-046,0.0,763.0,Outofstock,L
FS Shirt,Mint Green Classic Plaid Flannel Shirt - M,102-0302-046,0.0,763.0,Outofstock,M
FS Shirt,Olive Sand Cross Plaid Flannel Shirt - 3XL,102-0302-052,0.0,763.0,Outofstock,3XL
FS Shirt,Olive Sand Cross Plaid Flannel Shirt - 2XL,102-0302-052,0.0,763.0,Outofstock,2XL
FS Shirt,Olive Sand Cross Plaid Flannel Shirt - XL,102-0302-052,0.0,763.0,Outofstock,XL
FS Shirt,Olive Sand Cross Plaid Flannel Shirt - L,102-0302-052,0.0,763.0,Outofstock,L
FS Shirt,Olive Sand Cross Plaid Flannel Shirt - M,102-0302-052,0.0,763.0,Outofstock,M
Turtle-Neck,Light Ash Full Sleeve Turtleneck T-shirt - 3XL,105-0202-004,6.0,349.0,Instock,3XL
Turtle-Neck,Light Ash Full Sleeve Turtleneck T-shirt - 2XL,105-0202-004,14.0,349.0,Instock,2XL
Turtle-Neck,Light Ash Full Sleeve Turtleneck T-shirt - XL,105-0202-004,9.0,349.0,Instock,XL
Turtle-Neck,Light Ash Full Sleeve Turtleneck T-shirt - L,105-0202-004,11.0,349.0,Instock,L
Turtle-Neck,Light Ash Full Sleeve Turtleneck T-shirt - M,105-0202-004,0.0,349.0,Outofstock,M
FS Shirt,Deep Navy Tartan Plaid Flannel Shirt - 3XL,102-0302-051,0.0,735.0,Outofstock,3XL
FS Shirt,Deep Navy Tartan Plaid Flannel Shirt - 2XL,102-0302-051,0.0,735.0,Outofstock,2XL
FS Shirt,Deep Navy Tartan Plaid Flannel Shirt - XL,102-0302-051,0.0,735.0,Outofstock,XL
FS Shirt,Deep Navy Tartan Plaid Flannel Shirt - L,102-0302-051,0.0,735.0,Outofstock,L
FS Shirt,Deep Navy Tartan Plaid Flannel Shirt - M,102-0302-051,0.0,735.0,Outofstock,M
FS Shirt,Steel Blue Fine Check Flannel Shirt - 3XL,102-0302-055,0.0,693.0,Outofstock,3XL
FS Shirt,Steel Blue Fine Check Flannel Shirt - 2XL,102-0302-055,0.0,693.0,Outofstock,2XL
FS Shirt,Steel Blue Fine Check Flannel Shirt - XL,102-0302-055,0.0,693.0,Outofstock,XL
FS Shirt,Steel Blue Fine Check Flannel Shirt - L,102-0302-055,0.0,693.0,Outofstock,L
FS Shirt,Steel Blue Fine Check Flannel Shirt - M,102-0302-055,0.0,693.0,Outofstock,M
Turtle-Neck,Lavender Full Sleeve Turtleneck T-shirt - 3XL,105-0202-006,3.0,349.0,Instock,3XL
Turtle-Neck,Lavender Full Sleeve Turtleneck T-shirt - 2XL,105-0202-006,11.0,349.0,Instock,2XL
Turtle-Neck,Lavender Full Sleeve Turtleneck T-shirt - XL,105-0202-006,2.0,349.0,Instock,XL
Turtle-Neck,Lavender Full Sleeve Turtleneck T-shirt - L,105-0202-006,7.0,349.0,Instock,L
Turtle-Neck,Lavender Full Sleeve Turtleneck T-shirt - M,105-0202-006,0.0,349.0,Outofstock,M
Turtle-Neck,Sky Blue Full Sleeve Turtleneck T-shirt - 3XL,105-0202-003,0.0,349.0,Outofstock,3XL
Turtle-Neck,Sky Blue Full Sleeve Turtleneck T-shirt - 2XL,105-0202-003,20.0,349.0,Instock,2XL
Turtle-Neck,Sky Blue Full Sleeve Turtleneck T-shirt - XL,105-0202-003,17.0,349.0,Instock,XL
Turtle-Neck,Sky Blue Full Sleeve Turtleneck T-shirt - L,105-0202-003,8.0,349.0,Instock,L
Turtle-Neck,Sky Blue Full Sleeve Turtleneck T-shirt - M,105-0202-003,2.0,349.0,Instock,M
Turtle-Neck,Choco Full Sleeve Turtleneck T-shirt - 3XL,105-0202-005,5.0,349.0,Instock,3XL
Turtle-Neck,Choco Full Sleeve Turtleneck T-shirt - 2XL,105-0202-005,14.0,349.0,Instock,2XL
Turtle-Neck,Choco Full Sleeve Turtleneck T-shirt - XL,105-0202-005,13.0,349.0,Instock,XL
Turtle-Neck,Choco Full Sleeve Turtleneck T-shirt - L,105-0202-005,1.0,349.0,Instock,L
Turtle-Neck,Choco Full Sleeve Turtleneck T-shirt - M,105-0202-005,0.0,349.0,Outofstock,M
Turtle-Neck,White Full Sleeve Turtleneck T-shirt - 3XL,105-0202-002,0.0,349.0,Outofstock,3XL
Turtle-Neck,White Full Sleeve Turtleneck T-shirt - 2XL,105-0202-002,4.0,349.0,Instock,2XL
Turtle-Neck,White Full Sleeve Turtleneck T-shirt - XL,105-0202-002,0.0,349.0,Outofstock,XL
Turtle-Neck,White Full Sleeve Turtleneck T-shirt - L,105-0202-002,5.0,349.0,Instock,L
Turtle-Neck,White Full Sleeve Turtleneck T-shirt - M,105-0202-002,0.0,349.0,Outofstock,M
Turtle-Neck,Black Full Sleeve Turtleneck T-shirt - 3XL,105-0202-001,0.0,349.0,Outofstock,3XL
Turtle-Neck,Black Full Sleeve Turtleneck T-shirt - 2XL,105-0202-001,0.0,349.0,Outofstock,2XL
Turtle-Neck,Black Full Sleeve Turtleneck T-shirt - XL,105-0202-001,0.0,349.0,Outofstock,XL
Turtle-Neck,Black Full Sleeve Turtleneck T-shirt - L,105-0202-001,0.0,349.0,Outofstock,L
Turtle-Neck,Black Full Sleeve Turtleneck T-shirt - M,105-0202-001,0.0,349.0,Outofstock,M
T-Shirt,T-shirt 105-0101-355 - 3XL,105-0101-355,0.0,249.5,Outofstock,3XL
T-Shirt,T-shirt 105-0101-355 - 2XL,105-0101-355,0.0,249.5,Outofstock,2XL
T-Shirt,T-shirt 105-0101-355 - XL,105-0101-355,0.0,249.5,Outofstock,XL
T-Shirt,T-shirt 105-0101-355 - L,105-0101-355,0.0,249.5,Outofstock,L
T-Shirt,T-shirt 105-0101-355 - M,105-0101-355,0.0,249.5,Outofstock,M
Jeans,101-0100-059 (JEANS 116) - 38,101-0100-059,0.0,795.0,Outofstock,38
Jeans,101-0100-059 (JEANS 116) - 36,101-0100-059,0.0,795.0,Outofstock,36
Jeans,101-0100-059 (JEANS 116) - 34,101-0100-059,0.0,795.0,Outofstock,34
Jeans,101-0100-059 (JEANS 116) - 32,101-0100-059,0.0,795.0,Outofstock,32
Jeans,101-0100-059 (JEANS 116) - 30,101-0100-059,0.0,795.0,Outofstock,30
Jeans,101-0100-059 (JEANS 116) - 28,101-0100-059,0.0,795.0,Outofstock,28
FS Shirt,DEEN Indigo Dark Blue Denim Shirt 31 - 3XL,102-0102-031,0.0,575.0,Outofstock,3XL
FS Shirt,DEEN Indigo Dark Blue Denim Shirt 31 - 2XL,102-0102-031,0.0,575.0,Outofstock,2XL
FS Shirt,DEEN Indigo Dark Blue Denim Shirt 31 - XL,102-0102-031,0.0,575.0,Outofstock,XL
FS Shirt,DEEN Indigo Dark Blue Denim Shirt 31 - L,102-0102-031,0.0,575.0,Outofstock,L
FS Shirt,DEEN Indigo Dark Blue Denim Shirt 31 - M,102-0102-031,0.0,575.0,Outofstock,M
Trousers,Joggers 112-0101-002 - XL,112-0101-002,0.0,424.5,Outofstock,XL
Trousers,Joggers 112-0101-002 - L,112-0101-002,0.0,424.5,Outofstock,L
Trousers,Joggers 112-0101-002 - M,112-0101-002,0.0,424.5,Outofstock,M
T-Shirt,DEEN Black T-shirt with Artwork 354 - 3XL,105-0101-354,0.0,249.5,Outofstock,3XL
T-Shirt,DEEN Black T-shirt with Artwork 354 - 2XL,105-0101-354,0.0,249.5,Outofstock,2XL
T-Shirt,DEEN Black T-shirt with Artwork 354 - XL,105-0101-354,0.0,249.5,Outofstock,XL
T-Shirt,DEEN Black T-shirt with Artwork 354 - L,105-0101-354,0.0,249.5,Outofstock,L
T-Shirt,DEEN Black T-shirt with Artwork 354 - M,105-0101-354,0.0,249.5,Outofstock,M
Belt,Leather Belt 72 - 3XL,103-0100-059,0.0,399.5,Outofstock,3XL
Belt,Leather Belt 72 - 2XL,103-0100-059,0.0,399.5,Outofstock,2XL
Belt,Leather Belt 72 - XL,103-0100-059,0.0,399.5,Outofstock,XL
Belt,Leather Belt 72 - L,103-0100-059,0.0,399.5,Outofstock,L
Belt,Leather Belt 72 - M,103-0100-059,0.0,399.5,Outofstock,M
Trousers,Joggers 112-0101-055 - XL,112-0101-055,0.0,390.0,Outofstock,XL
Trousers,Joggers 112-0101-055 - L,112-0101-055,0.0,390.0,Outofstock,L
Trousers,Joggers 112-0101-055 - M,112-0101-055,0.0,390.0,Outofstock,M
Polo Shirt,Checkered Polo Shirt 53 - 3XL,103-0100-053,0.0,374.5,Outofstock,3XL
Polo Shirt,Checkered Polo Shirt 53 - 2XL,103-0100-053,2.0,374.5,Instock,2XL
Polo Shirt,Checkered Polo Shirt 53 - XL,103-0100-053,0.0,374.5,Outofstock,XL
Polo Shirt,Checkered Polo Shirt 53 - L,103-0100-053,0.0,374.5,Outofstock,L
Polo Shirt,Checkered Polo Shirt 53 - M,103-0100-053,0.0,374.5,Outofstock,M
Sweatshirt,Teal Sweatshirt in French-Terry - 3XL,108-0101-014,6.0,494.0,Instock,3XL
Sweatshirt,Teal Sweatshirt in French-Terry - 2XL,108-0101-014,20.0,494.0,Instock,2XL
Sweatshirt,Teal Sweatshirt in French-Terry - XL,108-0101-014,17.0,494.0,Instock,XL
Sweatshirt,Teal Sweatshirt in French-Terry - L,108-0101-014,25.0,494.0,Instock,L
Sweatshirt,Teal Sweatshirt in French-Terry - M,108-0101-014,7.0,494.0,Instock,M
Sweatshirt,Brown Sweatshirt in French-Terry - 3XL,108-0101-013,12.0,494.0,Instock,3XL
Sweatshirt,Brown Sweatshirt in French-Terry - 2XL,108-0101-013,10.0,494.0,Instock,2XL
Sweatshirt,Brown Sweatshirt in French-Terry - XL,108-0101-013,8.0,494.0,Instock,XL
Sweatshirt,Brown Sweatshirt in French-Terry - L,108-0101-013,21.0,494.0,Instock,L
Sweatshirt,Brown Sweatshirt in French-Terry - M,108-0101-013,4.0,494.0,Instock,M
Trousers,Teal Trousers - 2XL,110-0101-015,2.0,499.0,Instock,2XL
Trousers,Teal Trousers - XL,110-0101-015,32.0,499.0,Instock,XL
Trousers,Teal Trousers - L,110-0101-015,62.0,499.0,Instock,L
Trousers,Teal Trousers - M,110-0101-015,0.0,499.0,Outofstock,M
Trousers,Off-white Trousers - 2XL,110-0101-008,0.0,499.0,Outofstock,2XL
Trousers,Off-white Trousers - XL,110-0101-008,0.0,499.0,Outofstock,XL
Trousers,Off-white Trousers - L,110-0101-008,0.0,499.0,Outofstock,L
Trousers,Off-white Trousers - M,110-0101-008,0.0,499.0,Outofstock,M
Trousers,Sky Blue Trousers - 2XL,110-0101-010,17.0,499.0,Instock,2XL
Trousers,Sky Blue Trousers - XL,110-0101-010,33.0,499.0,Instock,XL
Trousers,Sky Blue Trousers - L,110-0101-010,100.0,499.0,Instock,L
Trousers,Sky Blue Trousers - M,110-0101-010,11.0,499.0,Instock,M
Trousers,Black Trousers - 2XL,110-0101-009,0.0,499.0,Outofstock,2XL
Trousers,Black Trousers - XL,110-0101-009,0.0,499.0,Outofstock,XL
Trousers,Black Trousers - L,110-0101-009,0.0,499.0,Outofstock,L
Trousers,Black Trousers - M,110-0101-009,0.0,499.0,Outofstock,M
Trousers,Choco Trousers - 2XL,110-0101-014,0.0,499.0,Outofstock,2XL
Trousers,Choco Trousers - XL,110-0101-014,0.0,499.0,Outofstock,XL
Trousers,Choco Trousers - L,110-0101-014,0.0,499.0,Outofstock,L
Trousers,Choco Trousers - M,110-0101-014,-1.0,499.0,Outofstock,M
Trousers,Green Trousers - 2XL,110-0101-011,-1.0,499.0,Outofstock,2XL
Trousers,Green Trousers - XL,110-0101-011,0.0,499.0,Outofstock,XL
Trousers,Green Trousers - L,110-0101-011,0.0,499.0,Outofstock,L
Trousers,Green Trousers - M,110-0101-011,0.0,499.0,Outofstock,M
Trousers,Brown Trousers - 2XL,110-0101-012,9.0,499.0,Instock,2XL
Trousers,Brown Trousers - XL,110-0101-012,37.0,499.0,Instock,XL
Trousers,Brown Trousers - L,110-0101-012,71.0,499.0,Instock,L
Trousers,Brown Trousers - M,110-0101-012,0.0,499.0,Outofstock,M
Trousers,Maroon Trousers - 2XL,110-0101-013,11.0,499.0,Instock,2XL
Trousers,Maroon Trousers - XL,110-0101-013,48.0,499.0,Instock,XL
Trousers,Maroon Trousers - L,110-0101-013,57.0,499.0,Instock,L
Trousers,Maroon Trousers - M,110-0101-013,0.0,499.0,Outofstock,M
Sweatshirt,Off-white Sweatshirt in French-Terry - 3XL,108-0101-010,4.0,494.0,Instock,3XL
Sweatshirt,Off-white Sweatshirt in French-Terry - 2XL,108-0101-010,31.0,494.0,Instock,2XL
Sweatshirt,Off-white Sweatshirt in French-Terry - XL,108-0101-010,24.0,494.0,Instock,XL
Sweatshirt,Off-white Sweatshirt in French-Terry - L,108-0101-010,23.0,494.0,Instock,L
Sweatshirt,Off-white Sweatshirt in French-Terry - M,108-0101-010,11.0,494.0,Instock,M
Sweatshirt,Black Sweatshirt in French-Terry - 3XL,108-0101-007,5.0,494.0,Instock,3XL
Sweatshirt,Black Sweatshirt in French-Terry - 2XL,108-0101-007,0.0,494.0,Outofstock,2XL
Sweatshirt,Black Sweatshirt in French-Terry - XL,108-0101-007,0.0,494.0,Outofstock,XL
Sweatshirt,Black Sweatshirt in French-Terry - L,108-0101-007,0.0,494.0,Outofstock,L
Sweatshirt,Black Sweatshirt in French-Terry - M,108-0101-007,0.0,494.0,Outofstock,M
Sweatshirt,Sky Blue Sweatshirt in French-Terry - 3XL,108-0101-012,2.0,494.0,Instock,3XL
Sweatshirt,Sky Blue Sweatshirt in French-Terry - 2XL,108-0101-012,28.0,494.0,Instock,2XL
Sweatshirt,Sky Blue Sweatshirt in French-Terry - XL,108-0101-012,19.0,494.0,Instock,XL
Sweatshirt,Sky Blue Sweatshirt in French-Terry - L,108-0101-012,21.0,494.0,Instock,L
Sweatshirt,Sky Blue Sweatshirt in French-Terry - M,108-0101-012,9.0,494.0,Instock,M
Sweatshirt,Bottle Green Sweatshirt in French-Terry - 3XL,108-0101-008,0.0,494.0,Outofstock,3XL
Sweatshirt,Bottle Green Sweatshirt in French-Terry - 2XL,108-0101-008,0.0,494.0,Outofstock,2XL
Sweatshirt,Bottle Green Sweatshirt in French-Terry - XL,108-0101-008,0.0,494.0,Outofstock,XL
Sweatshirt,Bottle Green Sweatshirt in French-Terry - L,108-0101-008,0.0,494.0,Outofstock,L
Sweatshirt,Bottle Green Sweatshirt in French-Terry - M,108-0101-008,6.0,494.0,Instock,M
Sweatshirt,Maroon Sweatshirt in French-Terry - 3XL,108-0101-009,16.0,494.0,Instock,3XL
Sweatshirt,Maroon Sweatshirt in French-Terry - 2XL,108-0101-009,12.0,494.0,Instock,2XL
Sweatshirt,Maroon Sweatshirt in French-Terry - XL,108-0101-009,11.0,494.0,Instock,XL
Sweatshirt,Maroon Sweatshirt in French-Terry - L,108-0101-009,12.0,494.0,Instock,L
Sweatshirt,Maroon Sweatshirt in French-Terry - M,108-0101-009,3.0,494.0,Instock,M
Sweatshirt,Choco Sweatshirt in French-Terry - 3XL,108-0101-011,0.0,494.0,Outofstock,3XL
Sweatshirt,Choco Sweatshirt in French-Terry - 2XL,108-0101-011,0.0,494.0,Outofstock,2XL
Sweatshirt,Choco Sweatshirt in French-Terry - XL,108-0101-011,0.0,494.0,Outofstock,XL
Sweatshirt,Choco Sweatshirt in French-Terry - L,108-0101-011,0.0,494.0,Outofstock,L
Sweatshirt,Choco Sweatshirt in French-Terry - M,108-0101-011,0.0,494.0,Outofstock,M
Boxer,Blue Boxer Brief - 2XL,107-0100-043,7.0,349.0,Instock,2XL
Boxer,Blue Boxer Brief - XL,107-0100-043,0.0,349.0,Outofstock,XL
Boxer,Blue Boxer Brief - L,107-0100-043,0.0,349.0,Outofstock,L
Boxer,Blue Boxer Brief - M,107-0100-043,0.0,349.0,Outofstock,M
FS Shirt,Regular Fit Soft Beige Oxford Cotton Shirt - 3XL,102-0302-026,0.0,999.0,Outofstock,3XL
FS Shirt,Regular Fit Soft Beige Oxford Cotton Shirt - 2XL,102-0302-026,0.0,999.0,Outofstock,2XL
FS Shirt,Regular Fit Soft Beige Oxford Cotton Shirt - XL,102-0302-026,0.0,999.0,Outofstock,XL
FS Shirt,Regular Fit Soft Beige Oxford Cotton Shirt - L,102-0302-026,0.0,999.0,Outofstock,L
FS Shirt,Regular Fit Soft Beige Oxford Cotton Shirt - M,102-0302-026,0.0,999.0,Outofstock,M
FS Shirt,Regular Fit Link Water Oxford Cotton Shirt - 3XL,102-0302-029,0.0,999.0,Outofstock,3XL
FS Shirt,Regular Fit Link Water Oxford Cotton Shirt - 2XL,102-0302-029,0.0,999.0,Outofstock,2XL
FS Shirt,Regular Fit Link Water Oxford Cotton Shirt - XL,102-0302-029,0.0,999.0,Outofstock,XL
FS Shirt,Regular Fit Link Water Oxford Cotton Shirt - L,102-0302-029,0.0,999.0,Outofstock,L
FS Shirt,Regular Fit Link Water Oxford Cotton Shirt - M,102-0302-029,0.0,999.0,Outofstock,M
Panjabi,Brandy Cotton Panjabi - 44,106-0101-040,0.0,2299.0,Outofstock,44
Panjabi,Brandy Cotton Panjabi - 42,106-0101-040,0.0,2299.0,Outofstock,42
Panjabi,Brandy Cotton Panjabi - 40,106-0101-040,0.0,2299.0,Outofstock,40
Polo Shirt,Azul Polo Shirt in Cotton Pique - 3XL,103-0200-104,0.0,638.0,Outofstock,3XL
Polo Shirt,Azul Polo Shirt in Cotton Pique - 2XL,103-0200-104,0.0,638.0,Outofstock,2XL
Polo Shirt,Azul Polo Shirt in Cotton Pique - XL,103-0200-104,0.0,638.0,Outofstock,XL
Polo Shirt,Azul Polo Shirt in Cotton Pique - L,103-0200-104,0.0,638.0,Outofstock,L
Polo Shirt,Azul Polo Shirt in Cotton Pique - M,103-0200-104,0.0,638.0,Outofstock,M
Polo Shirt,Black Polo Shirt in Cotton Pique - 3XL,103-0200-099,0.0,638.0,Outofstock,3XL
Polo Shirt,Black Polo Shirt in Cotton Pique - 2XL,103-0200-099,0.0,638.0,Outofstock,2XL
Polo Shirt,Black Polo Shirt in Cotton Pique - XL,103-0200-099,0.0,638.0,Outofstock,XL
Polo Shirt,Black Polo Shirt in Cotton Pique - L,103-0200-099,0.0,638.0,Outofstock,L
Polo Shirt,Black Polo Shirt in Cotton Pique - M,103-0200-099,0.0,638.0,Outofstock,M
FS Shirt,Regular Fit Light Blue Oxford Cotton Shirt - 3XL,102-0302-028,0.0,999.0,Outofstock,3XL
FS Shirt,Regular Fit Light Blue Oxford Cotton Shirt - 2XL,102-0302-028,0.0,999.0,Outofstock,2XL
FS Shirt,Regular Fit Light Blue Oxford Cotton Shirt - XL,102-0302-028,0.0,999.0,Outofstock,XL
FS Shirt,Regular Fit Light Blue Oxford Cotton Shirt - L,102-0302-028,0.0,999.0,Outofstock,L
FS Shirt,Regular Fit Light Blue Oxford Cotton Shirt - M,102-0302-028,0.0,999.0,Outofstock,M
Boxer,Black Boxer Brief - 2XL,107-0100-038,4.0,349.0,Instock,2XL
Boxer,Black Boxer Brief - XL,107-0100-038,0.0,349.0,Outofstock,XL
Boxer,Black Boxer Brief - L,107-0100-038,0.0,349.0,Outofstock,L
Boxer,Black Boxer Brief - M,107-0100-038,0.0,349.0,Outofstock,M
Polo Shirt,White Polo Shirt in Cotton Pique - 3XL,103-0200-098,0.0,638.0,Outofstock,3XL
Polo Shirt,White Polo Shirt in Cotton Pique - 2XL,103-0200-098,0.0,638.0,Outofstock,2XL
Polo Shirt,White Polo Shirt in Cotton Pique - XL,103-0200-098,0.0,638.0,Outofstock,XL
Polo Shirt,White Polo Shirt in Cotton Pique - L,103-0200-098,0.0,638.0,Outofstock,L
Polo Shirt,White Polo Shirt in Cotton Pique - M,103-0200-098,0.0,638.0,Outofstock,M
FS Shirt,Regular Fit Grey Oxford Cotton Shirt - 3XL,102-0302-033,0.0,999.0,Outofstock,3XL
FS Shirt,Regular Fit Grey Oxford Cotton Shirt - 2XL,102-0302-033,0.0,999.0,Outofstock,2XL
FS Shirt,Regular Fit Grey Oxford Cotton Shirt - XL,102-0302-033,0.0,999.0,Outofstock,XL
FS Shirt,Regular Fit Grey Oxford Cotton Shirt - L,102-0302-033,0.0,999.0,Outofstock,L
FS Shirt,Regular Fit Grey Oxford Cotton Shirt - M,102-0302-033,0.0,999.0,Outofstock,M
Panjabi,Embroidered Cotton Panjabi - 44,106-0101-061,2.0,1798.0,Instock,44
Panjabi,Embroidered Cotton Panjabi - 42,106-0101-061,0.0,1798.0,Outofstock,42
Panjabi,Embroidered Cotton Panjabi - 40,106-0101-061,9.0,1798.0,Instock,40
FS Shirt,Regular Fit Tropical Blue Oxford Cotton Shirt - 3XL,102-0302-027,0.0,999.0,Outofstock,3XL
FS Shirt,Regular Fit Tropical Blue Oxford Cotton Shirt - 2XL,102-0302-027,0.0,999.0,Outofstock,2XL
FS Shirt,Regular Fit Tropical Blue Oxford Cotton Shirt - XL,102-0302-027,0.0,999.0,Outofstock,XL
FS Shirt,Regular Fit Tropical Blue Oxford Cotton Shirt - L,102-0302-027,0.0,999.0,Outofstock,L
FS Shirt,Regular Fit Tropical Blue Oxford Cotton Shirt - M,102-0302-027,0.0,999.0,Outofstock,M
Panjabi,Embroidered Cotton Panjabi - 44,106-0101-049,0.0,1199.0,Outofstock,44
Panjabi,Embroidered Cotton Panjabi - 42,106-0101-049,0.0,1199.0,Outofstock,42
Panjabi,Embroidered Cotton Panjabi - 40,106-0101-049,0.0,1199.0,Outofstock,40
T-Shirt,Cotton Olive T-shirt with Camo Print - 3XL,105-0101-367,0.0,499.0,Outofstock,3XL
T-Shirt,Cotton Olive T-shirt with Camo Print - 2XL,105-0101-367,0.0,499.0,Outofstock,2XL
T-Shirt,Cotton Olive T-shirt with Camo Print - XL,105-0101-367,0.0,499.0,Outofstock,XL
T-Shirt,Cotton Olive T-shirt with Camo Print - L,105-0101-367,0.0,499.0,Outofstock,L
T-Shirt,Cotton Olive T-shirt with Camo Print - M,105-0101-367,0.0,499.0,Outofstock,M
Panjabi,Embroidered Cotton Panjabi - 44,106-0101-083,1.0,2198.0,Instock,44
Panjabi,Embroidered Cotton Panjabi - 42,106-0101-083,0.0,2198.0,Outofstock,42
Panjabi,Embroidered Cotton Panjabi - 40,106-0101-083,0.0,2198.0,Outofstock,40
Panjabi,Embroidered Cotton Panjabi - 44,106-0101-055,0.0,1898.0,Outofstock,44
Panjabi,Embroidered Cotton Panjabi - 42,106-0101-055,0.0,1898.0,Outofstock,42
Panjabi,Embroidered Cotton Panjabi - 40,106-0101-055,0.0,1898.0,Outofstock,40
Panjabi,Embroidered Cotton Panjabi - 44,106-0101-075,0.0,1798.0,Outofstock,44
Panjabi,Embroidered Cotton Panjabi - 42,106-0101-075,0.0,1798.0,Outofstock,42
Panjabi,Embroidered Cotton Panjabi - 40,106-0101-075,0.0,1798.0,Outofstock,40
Panjabi,Embroidered Cotton Panjabi - 44,106-0101-048,0.0,1199.0,Outofstock,44
Panjabi,Embroidered Cotton Panjabi - 42,106-0101-048,0.0,1199.0,Outofstock,42
Panjabi,Embroidered Cotton Panjabi - 40,106-0101-048,0.0,1199.0,Outofstock,40
Panjabi,Embroidered Cotton Panjabi - 44,106-0101-060,0.0,1798.0,Outofstock,44
Panjabi,Embroidered Cotton Panjabi - 42,106-0101-060,0.0,1798.0,Outofstock,42
Panjabi,Embroidered Cotton Panjabi - 40,106-0101-060,0.0,1798.0,Outofstock,40
Polo Shirt,Premium Eastern Blue Polo Shirt - 3XL,103-0100-109,0.0,898.0,Outofstock,3XL
Polo Shirt,Premium Eastern Blue Polo Shirt - 2XL,103-0100-109,0.0,898.0,Outofstock,2XL
Polo Shirt,Premium Eastern Blue Polo Shirt - XL,103-0100-109,0.0,898.0,Outofstock,XL
Polo Shirt,Premium Eastern Blue Polo Shirt - L,103-0100-109,0.0,898.0,Outofstock,L
Polo Shirt,Premium Eastern Blue Polo Shirt - M,103-0100-109,0.0,898.0,Outofstock,M
Polo Shirt,Black Polo Shirt in Cotton Blend - 3XL,103-0100-106,0.0,678.0,Outofstock,3XL
Polo Shirt,Black Polo Shirt in Cotton Blend - 2XL,103-0100-106,0.0,678.0,Outofstock,2XL
Polo Shirt,Black Polo Shirt in Cotton Blend - XL,103-0100-106,0.0,678.0,Outofstock,XL
Polo Shirt,Black Polo Shirt in Cotton Blend - L,103-0100-106,0.0,678.0,Outofstock,L
Polo Shirt,Black Polo Shirt in Cotton Blend - M,103-0100-106,0.0,678.0,Outofstock,M
Polo Shirt,Sky Blue Polo Shirt in Cotton Blend - 3XL,103-0100-107,0.0,848.0,Outofstock,3XL
Polo Shirt,Sky Blue Polo Shirt in Cotton Blend - 2XL,103-0100-107,0.0,848.0,Outofstock,2XL
Polo Shirt,Sky Blue Polo Shirt in Cotton Blend - XL,103-0100-107,0.0,848.0,Outofstock,XL
Polo Shirt,Sky Blue Polo Shirt in Cotton Blend - L,103-0100-107,0.0,848.0,Outofstock,L
Polo Shirt,Sky Blue Polo Shirt in Cotton Blend - M,103-0100-107,0.0,848.0,Outofstock,M
T-Shirt,Sylhet Strikers' BPL 2025 Match Jersey - 3XL,113-0100-001,0.0,199.5,Outofstock,3XL
T-Shirt,Sylhet Strikers' BPL 2025 Match Jersey - 2XL,113-0100-001,0.0,199.5,Outofstock,2XL
T-Shirt,Sylhet Strikers' BPL 2025 Match Jersey - XL,113-0100-001,0.0,199.5,Outofstock,XL
T-Shirt,Sylhet Strikers' BPL 2025 Match Jersey - L,113-0100-001,0.0,199.5,Outofstock,L
T-Shirt,Sylhet Strikers' BPL 2025 Match Jersey - M,113-0100-001,0.0,199.5,Outofstock,M
T-Shirt,Sylhet Strikers' BPL 2025 Match Jersey - S,113-0100-001,0.0,199.5,Outofstock,S
Polo Shirt,Brown Polo Shirt in Cotton Blend - 3XL,103-0100-105,0.0,678.0,Outofstock,3XL
Polo Shirt,Brown Polo Shirt in Cotton Blend - 2XL,103-0100-105,0.0,678.0,Outofstock,2XL
Polo Shirt,Brown Polo Shirt in Cotton Blend - XL,103-0100-105,0.0,678.0,Outofstock,XL
Polo Shirt,Brown Polo Shirt in Cotton Blend - L,103-0100-105,0.0,678.0,Outofstock,L
Polo Shirt,Brown Polo Shirt in Cotton Blend - M,103-0100-105,0.0,678.0,Outofstock,M
FS Shirt,Regular Fit White Oxford Cotton Shirt - 3XL,102-0302-024,0.0,499.5,Outofstock,3XL
FS Shirt,Regular Fit White Oxford Cotton Shirt - 2XL,102-0302-024,0.0,499.5,Outofstock,2XL
FS Shirt,Regular Fit White Oxford Cotton Shirt - XL,102-0302-024,0.0,499.5,Outofstock,XL
FS Shirt,Regular Fit White Oxford Cotton Shirt - L,102-0302-024,0.0,499.5,Outofstock,L
FS Shirt,Regular Fit White Oxford Cotton Shirt - M,102-0302-024,0.0,499.5,Outofstock,M
FS Shirt,Oxford Cotton Shirt - 3XL,102-0302-023,0.0,499.5,Outofstock,3XL
FS Shirt,Oxford Cotton Shirt - 2XL,102-0302-023,0.0,499.5,Outofstock,2XL
FS Shirt,Oxford Cotton Shirt - XL,102-0302-023,0.0,499.5,Outofstock,XL
FS Shirt,Oxford Cotton Shirt - L,102-0302-023,0.0,499.5,Outofstock,L
FS Shirt,Oxford Cotton Shirt - M,102-0302-023,0.0,499.5,Outofstock,M
Polo Shirt,Navy Polo Shirt in Cotton Pique - 3XL,103-0200-101,0.0,638.0,Outofstock,3XL
Polo Shirt,Navy Polo Shirt in Cotton Pique - 2XL,103-0200-101,0.0,638.0,Outofstock,2XL
Polo Shirt,Navy Polo Shirt in Cotton Pique - XL,103-0200-101,0.0,638.0,Outofstock,XL
Polo Shirt,Navy Polo Shirt in Cotton Pique - L,103-0200-101,0.0,638.0,Outofstock,L
Polo Shirt,Navy Polo Shirt in Cotton Pique - M,103-0200-101,0.0,638.0,Outofstock,M
Polo Shirt,Polo 102 - 3XL,103-0100-102,0.0,798.0,Outofstock,3XL
Polo Shirt,Polo 102 - 2XL,103-0100-102,0.0,798.0,Outofstock,2XL
Polo Shirt,Polo 102 - XL,103-0100-102,0.0,798.0,Outofstock,XL
Polo Shirt,Polo 102 - L,103-0100-102,0.0,798.0,Outofstock,L
Polo Shirt,Polo 102 - M,103-0100-102,0.0,798.0,Outofstock,M
Panjabi,Embroidered Cotton Panjabi - 46,106-0101-042,0.0,2299.0,Outofstock,46
Panjabi,Embroidered Cotton Panjabi - 44,106-0101-042,0.0,2299.0,Outofstock,44
Panjabi,Embroidered Cotton Panjabi - 42,106-0101-042,0.0,2299.0,Outofstock,42
Panjabi,Embroidered Cotton Panjabi - 40,106-0101-042,0.0,2299.0,Outofstock,40
Panjabi,Embroidered Cotton Panjabi 106-0101-029 - 46,106-0101-029,0.0,1599.0,Outofstock,46
Panjabi,Embroidered Cotton Panjabi 106-0101-029 - 44,106-0101-029,0.0,1599.0,Outofstock,44
Panjabi,Embroidered Cotton Panjabi 106-0101-029 - 42,106-0101-029,0.0,1599.0,Outofstock,42
Panjabi,Embroidered Cotton Panjabi 106-0101-029 - 40,106-0101-029,0.0,1599.0,Outofstock,40
FS Shirt,Regular Fit Oyster Pink Oxford Cotton Shirt - 3XL,102-0302-032,0.0,664.0,Outofstock,3XL
FS Shirt,Regular Fit Oyster Pink Oxford Cotton Shirt - 2XL,102-0302-032,0.0,664.0,Outofstock,2XL
FS Shirt,Regular Fit Oyster Pink Oxford Cotton Shirt - XL,102-0302-032,0.0,664.0,Outofstock,XL
FS Shirt,Regular Fit Oyster Pink Oxford Cotton Shirt - L,102-0302-032,0.0,664.0,Outofstock,L
FS Shirt,Regular Fit Oyster Pink Oxford Cotton Shirt - M,102-0302-032,0.0,664.0,Outofstock,M
Panjabi,Embroidered Cotton Panjabi - 46,106-0101-036,0.0,1699.0,Outofstock,46
Panjabi,Embroidered Cotton Panjabi - 44,106-0101-036,0.0,1699.0,Outofstock,44
Panjabi,Embroidered Cotton Panjabi - 42,106-0101-036,0.0,1699.0,Outofstock,42
Panjabi,Embroidered Cotton Panjabi - 40,106-0101-036,0.0,1699.0,Outofstock,40
Panjabi,Embroidered Cotton Panjabi 106-0101-043 - 46,106-0101-043,0.0,1150.0,Outofstock,46
Panjabi,Embroidered Cotton Panjabi 106-0101-043 - 44,106-0101-043,0.0,1150.0,Outofstock,44
Panjabi,Embroidered Cotton Panjabi 106-0101-043 - 42,106-0101-043,0.0,1150.0,Outofstock,42
Panjabi,Embroidered Cotton Panjabi 106-0101-043 - 40,106-0101-043,0.0,1150.0,Outofstock,40
Panjabi,Embroidered Cotton Panjabi 106-0101-033 - 46,106-0101-033,0.0,1898.0,Outofstock,46
Panjabi,Embroidered Cotton Panjabi 106-0101-033 - 44,106-0101-033,7.0,1898.0,Instock,44
Panjabi,Embroidered Cotton Panjabi 106-0101-033 - 42,106-0101-033,0.0,1898.0,Outofstock,42
Panjabi,Embroidered Cotton Panjabi 106-0101-033 - 40,106-0101-033,2.0,1898.0,Instock,40
Boxer,Navy Boxer Brief - 2XL,107-0100-052,0.0,279.0,Outofstock,2XL
Boxer,Navy Boxer Brief - XL,107-0100-052,0.0,279.0,Outofstock,XL
Boxer,Navy Boxer Brief - L,107-0100-052,0.0,279.0,Outofstock,L
Boxer,Navy Boxer Brief - M,107-0100-052,0.0,279.0,Outofstock,M
Boxer,Gray Boxer Brief - 2XL,107-0100-050,0.0,279.0,Outofstock,2XL
Boxer,Gray Boxer Brief - XL,107-0100-050,0.0,279.0,Outofstock,XL
Boxer,Gray Boxer Brief - L,107-0100-050,0.0,279.0,Outofstock,L
Boxer,Gray Boxer Brief - M,107-0100-050,0.0,279.0,Outofstock,M
Boxer,Cool Aqua Boxer Brief - 2XL,107-0100-051,0.0,279.0,Outofstock,2XL
Boxer,Cool Aqua Boxer Brief - XL,107-0100-051,0.0,279.0,Outofstock,XL
Boxer,Cool Aqua Boxer Brief - L,107-0100-051,0.0,279.0,Outofstock,L
Boxer,Cool Aqua Boxer Brief - M,107-0100-051,0.0,279.0,Outofstock,M
T-Shirt,Cotton Pale Olive T-shirt with Camo Print - 3XL,105-0101-368,0.0,399.0,Outofstock,3XL
T-Shirt,Cotton Pale Olive T-shirt with Camo Print - 2XL,105-0101-368,0.0,399.0,Outofstock,2XL
T-Shirt,Cotton Pale Olive T-shirt with Camo Print - XL,105-0101-368,0.0,399.0,Outofstock,XL
T-Shirt,Cotton Pale Olive T-shirt with Camo Print - L,105-0101-368,0.0,399.0,Outofstock,L
T-Shirt,Cotton Pale Olive T-shirt with Camo Print - M,105-0101-368,0.0,399.0,Outofstock,M
Twill,DEEN Navy Twill 5-Pocket Pant 25 - Slim Fit - 38,104-0202-001,0.0,1195.0,Outofstock,38
Twill,DEEN Navy Twill 5-Pocket Pant 25 - Slim Fit - 36,104-0202-001,0.0,1195.0,Outofstock,36
Twill,DEEN Navy Twill 5-Pocket Pant 25 - Slim Fit - 34,104-0202-001,0.0,1195.0,Outofstock,34
Twill,DEEN Navy Twill 5-Pocket Pant 25 - Slim Fit - 32,104-0202-001,0.0,1195.0,Outofstock,32
Twill,DEEN Navy Twill 5-Pocket Pant 25 - Slim Fit - 30,104-0202-001,0.0,1195.0,Outofstock,30
Panjabi,Embroidered Cotton Panjabi - 44,106-0101-072,0.0,999.0,Outofstock,44
Panjabi,Embroidered Cotton Panjabi - 42,106-0101-072,0.0,999.0,Outofstock,42
Panjabi,Embroidered Cotton Panjabi - 40,106-0101-072,0.0,999.0,Outofstock,40
Jeans,DEEN Slim Fit Mid Blue Jeans - 38,101-0100-129,0.0,1590.0,Outofstock,38
Jeans,DEEN Slim Fit Mid Blue Jeans - 36,101-0100-129,0.0,1590.0,Outofstock,36
Jeans,DEEN Slim Fit Mid Blue Jeans - 34,101-0100-129,0.0,1590.0,Outofstock,34
Jeans,DEEN Slim Fit Mid Blue Jeans - 32,101-0100-129,0.0,1590.0,Outofstock,32
Jeans,DEEN Slim Fit Mid Blue Jeans - 30,101-0100-129,0.0,1590.0,Outofstock,30
Jeans,DEEN Slim Fit Mid Blue Jeans - 28,101-0100-129,0.0,1590.0,Outofstock,28
Boxer,DEEN Grey Boxer Shorts 23 - 2XL,107-0100-023,0.0,280.0,Outofstock,2XL
Boxer,DEEN Grey Boxer Shorts 23 - XL,107-0100-023,0.0,280.0,Outofstock,XL
Boxer,DEEN Grey Boxer Shorts 23 - L,107-0100-023,0.0,280.0,Outofstock,L
Boxer,DEEN Grey Boxer Shorts 23 - M,107-0100-023,0.0,280.0,Outofstock,M
Jeans,DEEN Slim Fit Indigo Blue Jeans - 38,101-0100-126,0.0,1690.0,Outofstock,38
Jeans,DEEN Slim Fit Indigo Blue Jeans - 36,101-0100-126,0.0,1690.0,Outofstock,36
Jeans,DEEN Slim Fit Indigo Blue Jeans - 34,101-0100-126,0.0,1690.0,Outofstock,34
Jeans,DEEN Slim Fit Indigo Blue Jeans - 32,101-0100-126,0.0,1690.0,Outofstock,32
Jeans,DEEN Slim Fit Indigo Blue Jeans - 30,101-0100-126,0.0,1690.0,Outofstock,30
Jeans,DEEN Slim Fit Indigo Blue Jeans - 28,101-0100-126,0.0,1690.0,Outofstock,28
T-Shirt,Cotton Maroon T-shirt with Logo Artwork - 3XL,105-0101-365,0.0,224.5,Outofstock,3XL
T-Shirt,Cotton Maroon T-shirt with Logo Artwork - 2XL,105-0101-365,0.0,224.5,Outofstock,2XL
T-Shirt,Cotton Maroon T-shirt with Logo Artwork - XL,105-0101-365,0.0,224.5,Outofstock,XL
T-Shirt,Cotton Maroon T-shirt with Logo Artwork - L,105-0101-365,0.0,224.5,Outofstock,L
T-Shirt,Cotton Maroon T-shirt with Logo Artwork - M,105-0101-365,0.0,224.5,Outofstock,M
HS Shirt,Regular Fit Off White Cotton Shirt - 2XL,102-0102-006,0.0,399.0,Outofstock,2XL
HS Shirt,Regular Fit Off White Cotton Shirt - XL,102-0102-006,0.0,399.0,Outofstock,XL
HS Shirt,Regular Fit Off White Cotton Shirt - L,102-0102-006,0.0,399.0,Outofstock,L
HS Shirt,Regular Fit Off White Cotton Shirt - M,102-0102-006,0.0,399.0,Outofstock,M
Jeans,Jeans 146 - 38,101-0100-146,0.0,649.5,Outofstock,38
Jeans,Jeans 146 - 36,101-0100-146,0.0,649.5,Outofstock,36
Jeans,Jeans 146 - 34,101-0100-146,0.0,649.5,Outofstock,34
Jeans,Jeans 146 - 32,101-0100-146,0.0,649.5,Outofstock,32
Jeans,Jeans 146 - 30,101-0100-146,0.0,649.5,Outofstock,30
Jeans,Jeans 146 - 28,101-0100-146,0.0,649.5,Outofstock,28
HS Shirt,Regular Fit Floral Print Cotton Shirt - 3XL,102-0102-002,0.0,399.0,Outofstock,3XL
HS Shirt,Regular Fit Floral Print Cotton Shirt - 2XL,102-0102-002,0.0,399.0,Outofstock,2XL
HS Shirt,Regular Fit Floral Print Cotton Shirt - XL,102-0102-002,0.0,399.0,Outofstock,XL
HS Shirt,Regular Fit Floral Print Cotton Shirt - L,102-0102-002,0.0,399.0,Outofstock,L
HS Shirt,Regular Fit Floral Print Cotton Shirt - M,102-0102-002,0.0,399.0,Outofstock,M
Jeans,Jeans 147 - 38,101-0200-147,0.0,624.5,Outofstock,38
Jeans,Jeans 147 - 36,101-0200-147,0.0,639.5,Outofstock,36
Jeans,Jeans 147 - 34,101-0200-147,0.0,624.5,Outofstock,34
Jeans,Jeans 147 - 32,101-0200-147,0.0,624.5,Outofstock,32
Jeans,Jeans 147 - 30,101-0200-147,0.0,624.5,Outofstock,30
Jeans,Jeans 147 - 28,101-0200-147,0.0,624.5,Outofstock,28
Jeans,Jeans 66 - 38,101-0200-066,0.0,639.5,Outofstock,38
Jeans,Jeans 66 - 36,101-0200-066,0.0,639.5,Outofstock,36
Jeans,Jeans 66 - 34,101-0200-066,0.0,639.5,Outofstock,34
Jeans,Jeans 66 - 32,101-0200-066,0.0,639.5,Outofstock,32
Jeans,Jeans 66 - 30,101-0200-066,0.0,639.5,Outofstock,30
Jeans,Jeans 66 - 28,101-0200-066,0.0,639.5,Outofstock,28
Jeans,Jeans 148 - 38,101-0100-148,50.0,795.0,Instock,38
Jeans,Jeans 148 - 36,101-0100-148,50.0,795.0,Instock,36
Jeans,Jeans 148 - 34,101-0100-148,50.0,795.0,Instock,34
Jeans,Jeans 148 - 32,101-0100-148,50.0,795.0,Instock,32
Jeans,Jeans 148 - 30,101-0100-148,50.0,795.0,Instock,30
Jeans,Jeans 148 - 28,101-0100-148,50.0,795.0,Instock,28
Jeans,Jeans 60 - 38,101-0200-060,0.0,639.5,Outofstock,38
Jeans,Jeans 60 - 36,101-0200-060,0.0,639.5,Outofstock,36
Jeans,Jeans 60 - 34,101-0200-060,0.0,639.5,Outofstock,34
Jeans,Jeans 60 - 32,101-0200-060,0.0,639.5,Outofstock,32
Jeans,Jeans 60 - 30,101-0200-060,0.0,639.5,Outofstock,30
Jeans,Jeans 60 - 28,101-0200-060,0.0,639.5,Outofstock,28
Jeans,Jeans 064 - 38,101-0200-064,0.0,649.5,Outofstock,38
Jeans,Jeans 064 - 36,101-0200-064,0.0,649.5,Outofstock,36
Jeans,Jeans 064 - 34,101-0200-064,0.0,649.5,Outofstock,34
Jeans,Jeans 064 - 32,101-0200-064,0.0,649.5,Outofstock,32
Jeans,Jeans 064 - 30,101-0200-064,0.0,649.5,Outofstock,30
Jeans,Jeans 064 - 28,101-0200-064,0.0,649.5,Outofstock,28
Jeans,Jeans 128 - 38,101-0100-128,0.0,795.0,Outofstock,38
Jeans,Jeans 128 - 36,101-0100-128,0.0,795.0,Outofstock,36
Jeans,Jeans 128 - 34,101-0100-128,0.0,795.0,Outofstock,34
Jeans,Jeans 128 - 32,101-0100-128,0.0,795.0,Outofstock,32
Jeans,Jeans 128 - 30,101-0100-128,0.0,795.0,Outofstock,30
Jeans,Jeans 128 - 28,101-0100-128,0.0,795.0,Outofstock,28
Jeans,Jeans 69 - 38,101-0200-069,0.0,639.5,Outofstock,38
Jeans,Jeans 69 - 36,101-0200-069,0.0,639.5,Outofstock,36
Jeans,Jeans 69 - 34,101-0200-069,0.0,639.5,Outofstock,34
Jeans,Jeans 69 - 32,101-0200-069,0.0,639.5,Outofstock,32
Jeans,Jeans 69 - 30,101-0200-069,0.0,639.5,Outofstock,30
Jeans,Jeans 69 - 28,101-0200-069,0.0,639.5,Outofstock,28
Jeans,Jeans 65 - 38,101-0200-065,0.0,639.5,Outofstock,38
Jeans,Jeans 65 - 36,101-0200-065,0.0,639.5,Outofstock,36
Jeans,Jeans 65 - 34,101-0200-065,0.0,639.5,Outofstock,34
Jeans,Jeans 65 - 32,101-0200-065,0.0,639.5,Outofstock,32
Jeans,Jeans 65 - 30,101-0200-065,0.0,639.5,Outofstock,30
Jeans,Jeans 65 - 28,101-0200-065,0.0,639.5,Outofstock,28
Jeans,Jeans 62 - 38,101-0200-062,0.0,649.5,Outofstock,38
Jeans,Jeans 62 - 36,101-0200-062,0.0,649.5,Outofstock,36
Jeans,Jeans 62 - 34,101-0200-062,0.0,649.5,Outofstock,34
Jeans,Jeans 62 - 32,101-0200-062,0.0,649.5,Outofstock,32
Jeans,Jeans 62 - 30,101-0200-062,0.0,649.5,Outofstock,30
Jeans,Jeans 62 - 28,101-0200-062,0.0,649.5,Outofstock,28
Jeans,Jeans 121 - 38,101-0100-121,0.0,795.0,Outofstock,38
Jeans,Jeans 121 - 36,101-0100-121,0.0,795.0,Outofstock,36
Jeans,Jeans 121 - 34,101-0100-121,0.0,795.0,Outofstock,34
Jeans,Jeans 121 - 32,101-0100-121,0.0,795.0,Outofstock,32
Jeans,Jeans 121 - 30,101-0100-121,0.0,795.0,Outofstock,30
Jeans,Jeans 121 - 28,101-0100-121,0.0,795.0,Outofstock,28
Jeans,Jeans 120 - 38,101-0100-120,0.0,895.0,Outofstock,38
Jeans,Jeans 120 - 36,101-0100-120,0.0,895.0,Outofstock,36
Jeans,Jeans 120 - 34,101-0100-120,0.0,895.0,Outofstock,34
Jeans,Jeans 120 - 32,101-0100-120,0.0,895.0,Outofstock,32
Jeans,Jeans 120 - 30,101-0100-120,0.0,895.0,Outofstock,30
Jeans,Jeans 120 - 28,101-0100-120,0.0,895.0,Outofstock,28
HS Shirt,Regular Fit Navy Micro-Print Cotton Shirt - 3XL,102-0102-012,0.0,798.0,Outofstock,3XL
HS Shirt,Regular Fit Navy Micro-Print Cotton Shirt - 2XL,102-0102-012,0.0,798.0,Outofstock,2XL
HS Shirt,Regular Fit Navy Micro-Print Cotton Shirt - XL,102-0102-012,0.0,798.0,Outofstock,XL
HS Shirt,Regular Fit Navy Micro-Print Cotton Shirt - L,102-0102-012,0.0,798.0,Outofstock,L
HS Shirt,Regular Fit Navy Micro-Print Cotton Shirt - M,102-0102-012,0.0,798.0,Outofstock,M
Jeans,Jeans 54 - 38,101-0100-054,0.0,639.5,Outofstock,38
Jeans,Jeans 54 - 36,101-0100-054,0.0,639.5,Outofstock,36
Jeans,Jeans 54 - 34,101-0100-054,0.0,639.5,Outofstock,34
Jeans,Jeans 54 - 32,101-0100-054,0.0,639.5,Outofstock,32
Jeans,Jeans 54 - 30,101-0100-054,0.0,639.5,Outofstock,30
Jeans,Jeans 54 - 28,101-0100-054,0.0,639.5,Outofstock,28
Jeans,Jeans 58 - 38,101-0100-058,0.0,639.5,Outofstock,38
Jeans,Jeans 58 - 36,101-0100-058,0.0,639.5,Outofstock,36
Jeans,Jeans 58 - 34,101-0100-058,0.0,639.5,Outofstock,34
Jeans,Jeans 58 - 32,101-0100-058,0.0,639.5,Outofstock,32
Jeans,Jeans 58 - 30,101-0100-058,0.0,639.5,Outofstock,30
Jeans,Jeans 58 - 28,101-0100-058,0.0,639.5,Outofstock,28
Jeans,Jeans 118 - 38,101-0100-118,0.0,895.0,Outofstock,38
Jeans,Jeans 118 - 36,101-0100-118,0.0,895.0,Outofstock,36
Jeans,Jeans 118 - 34,101-0100-118,0.0,895.0,Outofstock,34
Jeans,Jeans 118 - 32,101-0100-118,0.0,895.0,Outofstock,32
Jeans,Jeans 118 - 30,101-0100-118,0.0,895.0,Outofstock,30
Jeans,Jeans 118 - 28,101-0100-118,0.0,895.0,Outofstock,28
HS Shirt,Regular Fit Poplin Stripe Cotton Shirt - 3XL,102-0102-010,0.0,798.0,Outofstock,3XL
HS Shirt,Regular Fit Poplin Stripe Cotton Shirt - 2XL,102-0102-010,0.0,798.0,Outofstock,2XL
HS Shirt,Regular Fit Poplin Stripe Cotton Shirt - XL,102-0102-010,0.0,798.0,Outofstock,XL
HS Shirt,Regular Fit Poplin Stripe Cotton Shirt - L,102-0102-010,0.0,798.0,Outofstock,L
HS Shirt,Regular Fit Poplin Stripe Cotton Shirt - M,102-0102-010,0.0,798.0,Outofstock,M
HS Shirt,Regular Fit Mid Blue Cotton Shirt - 3XL,102-0102-009,0.0,798.0,Outofstock,3XL
HS Shirt,Regular Fit Mid Blue Cotton Shirt - 2XL,102-0102-009,0.0,798.0,Outofstock,2XL
HS Shirt,Regular Fit Mid Blue Cotton Shirt - XL,102-0102-009,0.0,798.0,Outofstock,XL
HS Shirt,Regular Fit Mid Blue Cotton Shirt - L,102-0102-009,0.0,798.0,Outofstock,L
HS Shirt,Regular Fit Mid Blue Cotton Shirt - M,102-0102-009,0.0,798.0,Outofstock,M
HS Shirt,Regular Fit Blue Stripe Cotton Shirt - 3XL,102-0102-008,0.0,798.0,Outofstock,3XL
HS Shirt,Regular Fit Blue Stripe Cotton Shirt - 2XL,102-0102-008,0.0,798.0,Outofstock,2XL
HS Shirt,Regular Fit Blue Stripe Cotton Shirt - XL,102-0102-008,0.0,798.0,Outofstock,XL
HS Shirt,Regular Fit Blue Stripe Cotton Shirt - L,102-0102-008,0.0,798.0,Outofstock,L
HS Shirt,Regular Fit Blue Stripe Cotton Shirt - M,102-0102-008,0.0,798.0,Outofstock,M
Panjabi,Embroidered Cotton Panjabi - 44,106-0101-069,0.0,2198.0,Outofstock,44
Panjabi,Embroidered Cotton Panjabi - 42,106-0101-069,0.0,2198.0,Outofstock,42
Panjabi,Embroidered Cotton Panjabi - 40,106-0101-069,0.0,2198.0,Outofstock,40
Panjabi,Embroidered Cotton Panjabi - 46,106-0101-085,0.0,1860.0,Outofstock,46
Panjabi,Embroidered Cotton Panjabi - 44,106-0101-085,0.0,1860.0,Outofstock,44
Panjabi,Embroidered Cotton Panjabi - 42,106-0101-085,0.0,1860.0,Outofstock,42
Panjabi,Embroidered Cotton Panjabi - 40,106-0101-085,0.0,1860.0,Outofstock,40
Panjabi,Embroidered Cotton Panjabi - 44,106-0101-074,0.0,1898.0,Outofstock,44
Panjabi,Embroidered Cotton Panjabi - 42,106-0101-074,0.0,1898.0,Outofstock,42
Panjabi,Embroidered Cotton Panjabi - 40,106-0101-074,0.0,1898.0,Outofstock,40
HS Shirt,Regular Fit Sky Blue Cotton Shirt - 3XL,102-0102-001,0.0,798.0,Outofstock,3XL
HS Shirt,Regular Fit Sky Blue Cotton Shirt - 2XL,102-0102-001,0.0,798.0,Outofstock,2XL
HS Shirt,Regular Fit Sky Blue Cotton Shirt - XL,102-0102-001,0.0,798.0,Outofstock,XL
HS Shirt,Regular Fit Sky Blue Cotton Shirt - L,102-0102-001,0.0,798.0,Outofstock,L
HS Shirt,Regular Fit Sky Blue Cotton Shirt - M,102-0102-001,0.0,798.0,Outofstock,M
Panjabi,Embroidered Cotton Panjabi - 46,106-0101-096,0.0,1860.0,Outofstock,46
Panjabi,Embroidered Cotton Panjabi - 44,106-0101-096,0.0,1860.0,Outofstock,44
Panjabi,Embroidered Cotton Panjabi - 42,106-0101-096,0.0,1860.0,Outofstock,42
Panjabi,Embroidered Cotton Panjabi - 40,106-0101-096,0.0,1860.0,Outofstock,40
Panjabi,Embroidered Cotton Panjabi - 46,106-0101-095,0.0,1860.0,Outofstock,46
Panjabi,Embroidered Cotton Panjabi - 44,106-0101-095,0.0,1860.0,Outofstock,44
Panjabi,Embroidered Cotton Panjabi - 42,106-0101-095,0.0,1860.0,Outofstock,42
Panjabi,Embroidered Cotton Panjabi - 40,106-0101-095,0.0,1860.0,Outofstock,40
Panjabi,Embroidered Cotton Panjabi - 46,106-0101-093,0.0,1860.0,Outofstock,46
Panjabi,Embroidered Cotton Panjabi - 44,106-0101-093,0.0,1860.0,Outofstock,44
Panjabi,Embroidered Cotton Panjabi - 42,106-0101-093,0.0,1860.0,Outofstock,42
Panjabi,Embroidered Cotton Panjabi - 40,106-0101-093,0.0,1860.0,Outofstock,40
HS Shirt,Regular Fit White Floral Print Cotton Shirt - 3XL,102-0102-003,0.0,798.0,Outofstock,3XL
HS Shirt,Regular Fit White Floral Print Cotton Shirt - 2XL,102-0102-003,0.0,798.0,Outofstock,2XL
HS Shirt,Regular Fit White Floral Print Cotton Shirt - XL,102-0102-003,0.0,798.0,Outofstock,XL
HS Shirt,Regular Fit White Floral Print Cotton Shirt - L,102-0102-003,0.0,798.0,Outofstock,L
HS Shirt,Regular Fit White Floral Print Cotton Shirt - M,102-0102-003,0.0,798.0,Outofstock,M
Panjabi,Embroidered Cotton Panjabi - 44,106-0101-062,0.0,1798.0,Outofstock,44
Panjabi,Embroidered Cotton Panjabi - 42,106-0101-062,0.0,1798.0,Outofstock,42
Panjabi,Embroidered Cotton Panjabi - 40,106-0101-062,0.0,1798.0,Outofstock,40
T-Shirt,Cotton Strom Blue T-shirt with Print - 3XL,105-0101-370,0.0,449.0,Outofstock,3XL
T-Shirt,Cotton Strom Blue T-shirt with Print - 2XL,105-0101-370,0.0,449.0,Outofstock,2XL
T-Shirt,Cotton Strom Blue T-shirt with Print - XL,105-0101-370,0.0,449.0,Outofstock,XL
T-Shirt,Cotton Strom Blue T-shirt with Print - L,105-0101-370,0.0,449.0,Outofstock,L
T-Shirt,Cotton Strom Blue T-shirt with Print - M,105-0101-370,0.0,449.0,Outofstock,M
Panjabi,Embroidered Cotton Panjabi - 44,106-0101-059,0.0,1798.0,Outofstock,44
Panjabi,Embroidered Cotton Panjabi - 42,106-0101-059,0.0,1798.0,Outofstock,42
Panjabi,Embroidered Cotton Panjabi - 40,106-0101-059,0.0,1798.0,Outofstock,40
T-Shirt,Cotton Copper Brown T-shirt with Print - 3XL,105-0101-369,0.0,449.0,Outofstock,3XL
T-Shirt,Cotton Copper Brown T-shirt with Print - 2XL,105-0101-369,0.0,449.0,Outofstock,2XL
T-Shirt,Cotton Copper Brown T-shirt with Print - XL,105-0101-369,0.0,449.0,Outofstock,XL
T-Shirt,Cotton Copper Brown T-shirt with Print - L,105-0101-369,0.0,449.0,Outofstock,L
T-Shirt,Cotton Copper Brown T-shirt with Print - M,105-0101-369,0.0,449.0,Outofstock,M
Panjabi,Black Cotton Panjabi - 44,106-0101-034,0.0,1899.0,Outofstock,44
Panjabi,Black Cotton Panjabi - 42,106-0101-034,0.0,1899.0,Outofstock,42
Panjabi,Black Cotton Panjabi - 40,106-0101-034,0.0,1899.0,Outofstock,40
Panjabi,Embroidered Cotton Panjabi - 44,106-0101-046,0.0,2198.0,Outofstock,44
Panjabi,Embroidered Cotton Panjabi - 42,106-0101-046,0.0,2198.0,Outofstock,42
Panjabi,Embroidered Cotton Panjabi - 40,106-0101-046,0.0,2198.0,Outofstock,40
Panjabi,Embroidered Cotton Panjabi - 44,106-0101-081,0.0,1798.0,Outofstock,44
Panjabi,Embroidered Cotton Panjabi - 42,106-0101-081,0.0,1798.0,Outofstock,42
Panjabi,Embroidered Cotton Panjabi - 40,106-0101-081,0.0,1798.0,Outofstock,40
Panjabi,White Cotton Panjabi - 44,106-0101-035,0.0,1899.0,Outofstock,44
Panjabi,White Cotton Panjabi - 42,106-0101-035,0.0,1899.0,Outofstock,42
Panjabi,White Cotton Panjabi - 40,106-0101-035,1.0,1899.0,Instock,40
T-Shirt,DEEN Logo Print T-shirt 349 - 3XL,105-0101-349,0.0,449.0,Outofstock,3XL
T-Shirt,DEEN Logo Print T-shirt 349 - 2XL,105-0101-349,0.0,449.0,Outofstock,2XL
T-Shirt,DEEN Logo Print T-shirt 349 - XL,105-0101-349,0.0,449.0,Outofstock,XL
T-Shirt,DEEN Logo Print T-shirt 349 - L,105-0101-349,0.0,449.0,Outofstock,L
T-Shirt,DEEN Logo Print T-shirt 349 - M,105-0101-349,0.0,449.0,Outofstock,M
Boxer,Black Boxer Brief - 2XL,107-0100-041,2.0,349.0,Instock,2XL
Boxer,Black Boxer Brief - XL,107-0100-041,0.0,349.0,Outofstock,XL
Boxer,Black Boxer Brief - L,107-0100-041,0.0,349.0,Outofstock,L
Boxer,Black Boxer Brief - M,107-0100-041,0.0,349.0,Outofstock,M
Boxer,Mint Belt Blue Boxer Brief - 2XL,107-0100-040,2.0,349.0,Instock,2XL
Boxer,Mint Belt Blue Boxer Brief - XL,107-0100-040,0.0,349.0,Outofstock,XL
Boxer,Mint Belt Blue Boxer Brief - L,107-0100-040,0.0,349.0,Outofstock,L
Boxer,Mint Belt Blue Boxer Brief - M,107-0100-040,0.0,349.0,Outofstock,M
Panjabi,Martini Cotton Panjabi - 44,106-0101-041,0.0,2299.0,Outofstock,44
Panjabi,Martini Cotton Panjabi - 42,106-0101-041,0.0,2299.0,Outofstock,42
Panjabi,Martini Cotton Panjabi - 40,106-0101-041,0.0,2299.0,Outofstock,40
FS Shirt,DEEN Indigo Dark Blue Denim Shirt 25 - 3XL,102-0102-025,0.0,1099.0,Outofstock,3XL
FS Shirt,DEEN Indigo Dark Blue Denim Shirt 25 - 2XL,102-0102-025,0.0,1099.0,Outofstock,2XL
FS Shirt,DEEN Indigo Dark Blue Denim Shirt 25 - XL,102-0102-025,0.0,1099.0,Outofstock,XL
FS Shirt,DEEN Indigo Dark Blue Denim Shirt 25 - L,102-0102-025,0.0,1099.0,Outofstock,L
FS Shirt,DEEN Indigo Dark Blue Denim Shirt 25 - M,102-0102-025,0.0,1099.0,Outofstock,M
FS Shirt,DEEN Indigo Blue Denim Shirt 30 - 3XL,102-0102-030,0.0,1149.0,Outofstock,3XL
FS Shirt,DEEN Indigo Blue Denim Shirt 30 - 2XL,102-0102-030,0.0,1149.0,Outofstock,2XL
FS Shirt,DEEN Indigo Blue Denim Shirt 30 - XL,102-0102-030,0.0,1149.0,Outofstock,XL
FS Shirt,DEEN Indigo Blue Denim Shirt 30 - L,102-0102-030,0.0,1149.0,Outofstock,L
FS Shirt,DEEN Indigo Blue Denim Shirt 30 - M,102-0102-030,0.0,1149.0,Outofstock,M
FS Shirt,DEEN Dark Blue Denim Shirt 23 - 3XL,102-0102-023,0.0,999.0,Outofstock,3XL
FS Shirt,DEEN Dark Blue Denim Shirt 23 - 2XL,102-0102-023,0.0,999.0,Outofstock,2XL
FS Shirt,DEEN Dark Blue Denim Shirt 23 - XL,102-0102-023,0.0,999.0,Outofstock,XL
FS Shirt,DEEN Dark Blue Denim Shirt 23 - L,102-0102-023,0.0,999.0,Outofstock,L
FS Shirt,DEEN Dark Blue Denim Shirt 23 - M,102-0102-023,0.0,999.0,Outofstock,M
T-Shirt,DEEN Unstoppable T-shirt - 3XL,105-0101-357,0.0,449.0,Outofstock,3XL
T-Shirt,DEEN Unstoppable T-shirt - 2XL,105-0101-357,0.0,449.0,Outofstock,2XL
T-Shirt,DEEN Unstoppable T-shirt - XL,105-0101-357,0.0,449.0,Outofstock,XL
T-Shirt,DEEN Unstoppable T-shirt - L,105-0101-357,0.0,449.0,Outofstock,L
T-Shirt,DEEN Unstoppable T-shirt - M,105-0101-357,0.0,449.0,Outofstock,M
HS Shirt,Regular Fit White Stripe Cotton Shirt - 3XL,102-0102-005,0.0,638.0,Outofstock,3XL
HS Shirt,Regular Fit White Stripe Cotton Shirt - 2XL,102-0102-005,0.0,638.0,Outofstock,2XL
HS Shirt,Regular Fit White Stripe Cotton Shirt - XL,102-0102-005,0.0,638.0,Outofstock,XL
HS Shirt,Regular Fit White Stripe Cotton Shirt - L,102-0102-005,0.0,638.0,Outofstock,L
HS Shirt,Regular Fit White Stripe Cotton Shirt - M,102-0102-005,0.0,638.0,Outofstock,M
T-Shirt,DEEN XENIAS Blue T-shirt - 3XL,105-0101-351,0.0,399.0,Outofstock,3XL
T-Shirt,DEEN XENIAS Blue T-shirt - 2XL,105-0101-351,0.0,399.0,Outofstock,2XL
T-Shirt,DEEN XENIAS Blue T-shirt - XL,105-0101-351,0.0,399.0,Outofstock,XL
T-Shirt,DEEN XENIAS Blue T-shirt - L,105-0101-351,0.0,399.0,Outofstock,L
T-Shirt,DEEN XENIAS Blue T-shirt - M,105-0101-351,0.0,399.0,Outofstock,M
Twill,DEEN Brown Twill Chino Pant 48 – Slim Fit - 38,104-0102-003,0.0,1245.0,Outofstock,38
Twill,DEEN Brown Twill Chino Pant 48 – Slim Fit - 36,104-0102-003,0.0,1245.0,Outofstock,36
Twill,DEEN Brown Twill Chino Pant 48 – Slim Fit - 34,104-0102-003,0.0,1245.0,Outofstock,34
Twill,DEEN Brown Twill Chino Pant 48 – Slim Fit - 32,104-0102-003,0.0,1245.0,Outofstock,32
Twill,DEEN Brown Twill Chino Pant 48 – Slim Fit - 30,104-0102-003,0.0,1245.0,Outofstock,30
Twill,DEEN Black Twill Joggers Pant 31 - 38,104-0302-001,0.0,1245.0,Outofstock,38
Twill,DEEN Black Twill Joggers Pant 31 - 36,104-0302-001,0.0,1245.0,Outofstock,36
Twill,DEEN Black Twill Joggers Pant 31 - 34,104-0302-001,0.0,1245.0,Outofstock,34
Twill,DEEN Black Twill Joggers Pant 31 - 32,104-0302-001,0.0,1245.0,Outofstock,32
Twill,DEEN Black Twill Joggers Pant 31 - 30,104-0302-001,0.0,1245.0,Outofstock,30
HS Shirt,Regular fit Skyline Checks Cotton Shirt - 3XL,102-0102-004,0.0,798.0,Outofstock,3XL
HS Shirt,Regular fit Skyline Checks Cotton Shirt - 2XL,102-0102-004,0.0,798.0,Outofstock,2XL
HS Shirt,Regular fit Skyline Checks Cotton Shirt - XL,102-0102-004,0.0,798.0,Outofstock,XL
HS Shirt,Regular fit Skyline Checks Cotton Shirt - L,102-0102-004,0.0,798.0,Outofstock,L
HS Shirt,Regular fit Skyline Checks Cotton Shirt - M,102-0102-004,0.0,798.0,Outofstock,M
HS Shirt,Regular Fit Midnight Slate Cotton Shirt - 3XL,102-0102-007,0.0,638.0,Outofstock,3XL
HS Shirt,Regular Fit Midnight Slate Cotton Shirt - 2XL,102-0102-007,0.0,638.0,Outofstock,2XL
HS Shirt,Regular Fit Midnight Slate Cotton Shirt - XL,102-0102-007,0.0,638.0,Outofstock,XL
HS Shirt,Regular Fit Midnight Slate Cotton Shirt - L,102-0102-007,0.0,638.0,Outofstock,L
HS Shirt,Regular Fit Midnight Slate Cotton Shirt - M,102-0102-007,0.0,638.0,Outofstock,M
FS Shirt,DEEN Indigo Black Denim Shirt 27 - 3XL,102-0102-027,0.0,549.5,Outofstock,3XL
FS Shirt,DEEN Indigo Black Denim Shirt 27 - 2XL,102-0102-027,0.0,549.5,Outofstock,2XL
FS Shirt,DEEN Indigo Black Denim Shirt 27 - XL,102-0102-027,0.0,549.5,Outofstock,XL
FS Shirt,DEEN Indigo Black Denim Shirt 27 - L,102-0102-027,0.0,549.5,Outofstock,L
FS Shirt,DEEN Indigo Black Denim Shirt 27 - M,102-0102-027,0.0,549.5,Outofstock,M
FS Shirt,DEEN Indigo Black Denim Shirt 27 - S,102-0102-027,0.0,549.5,Outofstock,S
FS Shirt,DEEN Indigo Mid Blue Denim Shirt 24 - XL,102-0102-024,0.0,424.5,Outofstock,XL
FS Shirt,DEEN Indigo Mid Blue Denim Shirt 24 - L,102-0102-024,0.0,424.5,Outofstock,L
FS Shirt,DEEN Indigo Mid Blue Denim Shirt 24 - M,102-0102-024,0.0,549.5,Outofstock,M
T-Shirt,Versatile Active Wear - 3XL,111-0101-006,0.0,274.0,Outofstock,3XL
T-Shirt,Versatile Active Wear - 2XL,111-0101-006,0.0,274.0,Outofstock,2XL
T-Shirt,Versatile Active Wear - XL,111-0101-006,0.0,274.0,Outofstock,XL
T-Shirt,Versatile Active Wear - L,111-0101-006,0.0,274.0,Outofstock,L
T-Shirt,Versatile Active Wear - M,111-0101-006,0.0,274.0,Outofstock,M
HS Shirt,Regular Fit Grey Cotton Shirt - L,102-0102-011,0.0,638.0,Outofstock,L
HS Shirt,Regular Fit Grey Cotton Shirt - M,102-0102-011,0.0,638.0,Outofstock,M
HS Shirt,Regular Fit Grey Cotton Shirt - 3XL,102-0102-011,0.0,638.0,Outofstock,3XL
HS Shirt,Regular Fit Grey Cotton Shirt - 2XL,102-0102-011,0.0,638.0,Outofstock,2XL
HS Shirt,Regular Fit Grey Cotton Shirt - XL,102-0102-011,0.0,638.0,Outofstock,XL
FS Shirt,DEEN Mid Blue Denim Shirt 22 - 3XL,102-0102-022,0.0,499.5,Outofstock,3XL
FS Shirt,DEEN Mid Blue Denim Shirt 22 - 2XL,102-0102-022,0.0,499.5,Outofstock,2XL
FS Shirt,DEEN Mid Blue Denim Shirt 22 - XL,102-0102-022,0.0,499.5,Outofstock,XL
FS Shirt,DEEN Mid Blue Denim Shirt 22 - L,102-0102-022,0.0,499.5,Outofstock,L
FS Shirt,DEEN Mid Blue Denim Shirt 22 - M,102-0102-022,0.0,499.5,Outofstock,M
Polo Shirt,Green Polo Shirt in Cotton Pique - 3XL,103-0200-103,0.0,638.0,Outofstock,3XL
Polo Shirt,Green Polo Shirt in Cotton Pique - 2XL,103-0200-103,0.0,638.0,Outofstock,2XL
Polo Shirt,Green Polo Shirt in Cotton Pique - XL,103-0200-103,0.0,638.0,Outofstock,XL
Polo Shirt,Green Polo Shirt in Cotton Pique - L,103-0200-103,0.0,638.0,Outofstock,L
Polo Shirt,Green Polo Shirt in Cotton Pique - M,103-0200-103,0.0,638.0,Outofstock,M
FS Shirt,Mid Blue Denim Shirt - 3XL,102-0402-034,0.0,499.0,Outofstock,3XL
FS Shirt,Mid Blue Denim Shirt - 2XL,102-0402-034,0.0,499.0,Outofstock,2XL
FS Shirt,Mid Blue Denim Shirt - XL,102-0402-034,0.0,499.0,Outofstock,XL
FS Shirt,Mid Blue Denim Shirt - L,102-0402-034,0.0,499.0,Outofstock,L
FS Shirt,Mid Blue Denim Shirt - M,102-0402-034,0.0,499.0,Outofstock,M
FS Shirt,Light Blue Denim Shirt - 3XL,102-0402-033,0.0,499.0,Outofstock,3XL
FS Shirt,Light Blue Denim Shirt - 2XL,102-0402-033,0.0,499.0,Outofstock,2XL
FS Shirt,Light Blue Denim Shirt - XL,102-0402-033,0.0,499.0,Outofstock,XL
FS Shirt,Light Blue Denim Shirt - L,102-0402-033,0.0,499.0,Outofstock,L
FS Shirt,Light Blue Denim Shirt - M,102-0402-033,0.0,499.0,Outofstock,M
Polo Shirt,Dark Navy Polo Shirt - 3XL,103-0100-051,0.0,240.0,Outofstock,3XL
Polo Shirt,Dark Navy Polo Shirt - 2XL,103-0100-051,0.0,240.0,Outofstock,2XL
Polo Shirt,Dark Navy Polo Shirt - XL,103-0100-051,0.0,240.0,Outofstock,XL
Polo Shirt,Dark Navy Polo Shirt - L,103-0100-051,0.0,240.0,Outofstock,L
Polo Shirt,Dark Navy Polo Shirt - M,103-0100-051,0.0,240.0,Outofstock,M
Polo Shirt,Green Polo Shirt - 3XL,103-0100-119,0.0,599.0,Outofstock,3XL
Polo Shirt,Green Polo Shirt - 2XL,103-0100-119,0.0,599.0,Outofstock,2XL
Polo Shirt,Green Polo Shirt - XL,103-0100-119,0.0,599.0,Outofstock,XL
Polo Shirt,Green Polo Shirt - L,103-0100-119,0.0,599.0,Outofstock,L
Polo Shirt,Green Polo Shirt - M,103-0100-119,0.0,599.0,Outofstock,M
Polo Shirt,Venice Blue Polo Shirt in Cotton Blend - 3XL,103-0100-108,0.0,424.0,Outofstock,3XL
Polo Shirt,Venice Blue Polo Shirt in Cotton Blend - 2XL,103-0100-108,0.0,424.0,Outofstock,2XL
Polo Shirt,Venice Blue Polo Shirt in Cotton Blend - XL,103-0100-108,0.0,424.0,Outofstock,XL
Polo Shirt,Venice Blue Polo Shirt in Cotton Blend - L,103-0100-108,0.0,424.0,Outofstock,L
Polo Shirt,Venice Blue Polo Shirt in Cotton Blend - M,103-0100-108,0.0,424.0,Outofstock,M
FS Shirt,Regular Fit Bone Oxford Cotton Shirt - 3XL,102-0302-031,0.0,499.0,Outofstock,3XL
FS Shirt,Regular Fit Bone Oxford Cotton Shirt - 2XL,102-0302-031,0.0,499.0,Outofstock,2XL
FS Shirt,Regular Fit Bone Oxford Cotton Shirt - XL,102-0302-031,0.0,499.0,Outofstock,XL
FS Shirt,Regular Fit Bone Oxford Cotton Shirt - L,102-0302-031,0.0,499.0,Outofstock,L
FS Shirt,Regular Fit Bone Oxford Cotton Shirt - M,102-0302-031,0.0,499.0,Outofstock,M
FS Shirt,Regular Fit Magenta Oxford Cotton Shirt - 3XL,102-0302-025,0.0,499.0,Outofstock,3XL
FS Shirt,Regular Fit Magenta Oxford Cotton Shirt - 2XL,102-0302-025,0.0,499.0,Outofstock,2XL
FS Shirt,Regular Fit Magenta Oxford Cotton Shirt - XL,102-0302-025,0.0,499.0,Outofstock,XL
FS Shirt,Regular Fit Magenta Oxford Cotton Shirt - L,102-0302-025,0.0,499.0,Outofstock,L
FS Shirt,Regular Fit Magenta Oxford Cotton Shirt - M,102-0302-025,0.0,499.0,Outofstock,M
FS Shirt,Regular Fit Casper Oxford Cotton Shirt - 3XL,102-0302-030,0.0,499.0,Outofstock,3XL
FS Shirt,Regular Fit Casper Oxford Cotton Shirt - 2XL,102-0302-030,0.0,499.0,Outofstock,2XL
FS Shirt,Regular Fit Casper Oxford Cotton Shirt - XL,102-0302-030,0.0,499.0,Outofstock,XL
FS Shirt,Regular Fit Casper Oxford Cotton Shirt - L,102-0302-030,0.0,499.0,Outofstock,L
FS Shirt,Regular Fit Casper Oxford Cotton Shirt - M,102-0302-030,0.0,499.0,Outofstock,M
FS Shirt,DEEN Indigo Light Blue Denim Shirt 29 - 2XL,102-0102-029,0.0,575.0,Outofstock,2XL
FS Shirt,DEEN Indigo Light Blue Denim Shirt 29 - XL,102-0102-029,0.0,575.0,Outofstock,XL
FS Shirt,DEEN Indigo Light Blue Denim Shirt 29 - L,102-0102-029,0.0,575.0,Outofstock,L
FS Shirt,DEEN Indigo Light Blue Denim Shirt 29 - M,102-0102-029,0.0,575.0,Outofstock,M
Panjabi,Embroidered Cotton Panjabi 106-0101-082 - 46,106-0101-082,0.0,2198.0,Outofstock,46
Panjabi,Embroidered Cotton Panjabi 106-0101-082 - 44,106-0101-082,0.0,2198.0,Outofstock,44
Panjabi,Embroidered Cotton Panjabi 106-0101-082 - 42,106-0101-082,0.0,2198.0,Outofstock,42
Panjabi,Embroidered Cotton Panjabi 106-0101-082 - 40,106-0101-082,0.0,2198.0,Outofstock,40
Panjabi,Embroidered Cotton Panjabi 106-0101-070 - 46,106-0101-070,0.0,2198.0,Outofstock,46
Panjabi,Embroidered Cotton Panjabi 106-0101-070 - 44,106-0101-070,0.0,2198.0,Outofstock,44
Panjabi,Embroidered Cotton Panjabi 106-0101-070 - 42,106-0101-070,0.0,2198.0,Outofstock,42
Panjabi,Embroidered Cotton Panjabi 106-0101-070 - 40,106-0101-070,0.0,2198.0,Outofstock,40
HS Shirt,Star Cotton Shirt - Regular Fit - 3XL,102-0102-018,0.0,638.0,Outofstock,3XL
HS Shirt,Star Cotton Shirt - Regular Fit - 2XL,102-0102-018,0.0,638.0,Outofstock,2XL
HS Shirt,Star Cotton Shirt - Regular Fit - XL,102-0102-018,0.0,638.0,Outofstock,XL
HS Shirt,Star Cotton Shirt - Regular Fit - L,102-0102-018,0.0,638.0,Outofstock,L
HS Shirt,Star Cotton Shirt - Regular Fit - M,102-0102-018,0.0,638.0,Outofstock,M
Panjabi,Embroidered Cotton Panjabi 106-0101-078 - 46,106-0101-078,0.0,2098.0,Outofstock,46
Panjabi,Embroidered Cotton Panjabi 106-0101-078 - 44,106-0101-078,0.0,2098.0,Outofstock,44
Panjabi,Embroidered Cotton Panjabi 106-0101-078 - 42,106-0101-078,0.0,2098.0,Outofstock,42
Panjabi,Embroidered Cotton Panjabi 106-0101-078 - 40,106-0101-078,0.0,2098.0,Outofstock,40
Panjabi,Embroidered Cotton Panjabi 106-0101-052 - 46,106-0101-052,0.0,1998.0,Outofstock,46
Panjabi,Embroidered Cotton Panjabi 106-0101-052 - 44,106-0101-052,0.0,1998.0,Outofstock,44
Panjabi,Embroidered Cotton Panjabi 106-0101-052 - 42,106-0101-052,0.0,1998.0,Outofstock,42
Panjabi,Embroidered Cotton Panjabi 106-0101-052 - 40,106-0101-052,0.0,1998.0,Outofstock,40
Panjabi,Embroidered Cotton Panjabi 106-0101-045 - 46,106-0101-045,0.0,2198.0,Outofstock,46
Panjabi,Embroidered Cotton Panjabi 106-0101-045 - 44,106-0101-045,0.0,2198.0,Outofstock,44
Panjabi,Embroidered Cotton Panjabi 106-0101-045 - 42,106-0101-045,0.0,2198.0,Outofstock,42
Panjabi,Embroidered Cotton Panjabi 106-0101-045 - 40,106-0101-045,0.0,2198.0,Outofstock,40
Panjabi,Embroidered Cotton Panjabi 106-0101-051 - 46,106-0101-051,0.0,1998.0,Outofstock,46
Panjabi,Embroidered Cotton Panjabi 106-0101-051 - 44,106-0101-051,0.0,1998.0,Outofstock,44
Panjabi,Embroidered Cotton Panjabi 106-0101-051 - 42,106-0101-051,0.0,1998.0,Outofstock,42
Panjabi,Embroidered Cotton Panjabi 106-0101-051 - 40,106-0101-051,0.0,1998.0,Outofstock,40
Others,103-0100-120 - 3XL,103-0100-120,0.0,424.0,Outofstock,3XL
Others,103-0100-120 - 2XL,103-0100-120,7.0,424.0,Instock,2XL
Others,103-0100-120 - XL,103-0100-120,0.0,424.0,Outofstock,XL
Others,103-0100-120 - L,103-0100-120,0.0,424.0,Outofstock,L
Others,103-0100-120 - M,103-0100-120,0.0,424.0,Outofstock,M
Panjabi,Embroidered Cotton Panjabi 106-0101-073 - 46,106-0101-073,0.0,1898.0,Outofstock,46
Panjabi,Embroidered Cotton Panjabi 106-0101-073 - 44,106-0101-073,0.0,1898.0,Outofstock,44
Panjabi,Embroidered Cotton Panjabi 106-0101-073 - 42,106-0101-073,0.0,1898.0,Outofstock,42
Panjabi,Embroidered Cotton Panjabi 106-0101-073 - 40,106-0101-073,0.0,1898.0,Outofstock,40
Panjabi,Embroidered Cotton Panjabi - 46,106-0101-057,0.0,1898.0,Outofstock,46
Panjabi,Embroidered Cotton Panjabi - 44,106-0101-057,0.0,1898.0,Outofstock,44
Panjabi,Embroidered Cotton Panjabi - 42,106-0101-057,0.0,1898.0,Outofstock,42
Panjabi,Embroidered Cotton Panjabi - 40,106-0101-057,0.0,1898.0,Outofstock,40
Panjabi,Embroidered Cotton Panjabi 106-0101-067 - 46,106-0101-067,0.0,1798.0,Outofstock,46
Panjabi,Embroidered Cotton Panjabi 106-0101-067 - 44,106-0101-067,0.0,1798.0,Outofstock,44
Panjabi,Embroidered Cotton Panjabi 106-0101-067 - 42,106-0101-067,0.0,1798.0,Outofstock,42
Panjabi,Embroidered Cotton Panjabi 106-0101-067 - 40,106-0101-067,0.0,1798.0,Outofstock,40
Panjabi,Embroidered Cotton Panjabi 106-0101-080 - 46,106-0101-080,0.0,1798.0,Outofstock,46
Panjabi,Embroidered Cotton Panjabi 106-0101-080 - 44,106-0101-080,0.0,1798.0,Outofstock,44
Panjabi,Embroidered Cotton Panjabi 106-0101-080 - 42,106-0101-080,0.0,1798.0,Outofstock,42
Panjabi,Embroidered Cotton Panjabi 106-0101-080 - 40,106-0101-080,0.0,1798.0,Outofstock,40
Panjabi,Embroidered Cotton Panjabi - 46,106-0101-094,0.0,930.0,Outofstock,46
Panjabi,Embroidered Cotton Panjabi - 44,106-0101-094,0.0,930.0,Outofstock,44
Panjabi,Embroidered Cotton Panjabi - 42,106-0101-094,0.0,930.0,Outofstock,42
Panjabi,Embroidered Cotton Panjabi - 40,106-0101-094,1.0,930.0,Instock,40
Panjabi,Embroidered Cotton Panjabi - 44,106-0101-086,0.0,930.0,Outofstock,44
Panjabi,Embroidered Cotton Panjabi - 42,106-0101-086,0.0,930.0,Outofstock,42
Panjabi,Embroidered Cotton Panjabi - 46,106-0101-086,0.0,930.0,Outofstock,46
Panjabi,Embroidered Cotton Panjabi - 40,106-0101-086,0.0,930.0,Outofstock,40
Twill,DEEN Maroon Twill 5-Pocket Pant 29 - Slim Fit - 38,104-0202-003,0.0,1145.0,Outofstock,38
Twill,DEEN Maroon Twill 5-Pocket Pant 29 - Slim Fit - 36,104-0202-003,0.0,1145.0,Outofstock,36
Twill,DEEN Maroon Twill 5-Pocket Pant 29 - Slim Fit - 34,104-0202-003,0.0,1145.0,Outofstock,34
Twill,DEEN Maroon Twill 5-Pocket Pant 29 - Slim Fit - 32,104-0202-003,0.0,1145.0,Outofstock,32
Twill,DEEN Maroon Twill 5-Pocket Pant 29 - Slim Fit - 30,104-0202-003,0.0,1145.0,Outofstock,30
Jeans,DEEN Premium Acid Grey Jeans - 38,101-0100-122,0.0,795.0,Outofstock,38
Jeans,DEEN Premium Acid Grey Jeans - 36,101-0100-122,0.0,795.0,Outofstock,36
Jeans,DEEN Premium Acid Grey Jeans - 34,101-0100-122,0.0,795.0,Outofstock,34
Jeans,DEEN Premium Acid Grey Jeans - 32,101-0100-122,0.0,795.0,Outofstock,32
Jeans,DEEN Premium Acid Grey Jeans - 30,101-0100-122,0.0,795.0,Outofstock,30
Jeans,DEEN Black Paint Splattered Jeans - 38,101-0200-067,0.0,1249.0,Outofstock,38
Jeans,DEEN Black Paint Splattered Jeans - 36,101-0200-067,0.0,1249.0,Outofstock,36
Jeans,DEEN Black Paint Splattered Jeans - 34,101-0200-067,0.0,1249.0,Outofstock,34
Jeans,DEEN Black Paint Splattered Jeans - 32,101-0200-067,0.0,1249.0,Outofstock,32
Jeans,DEEN Black Paint Splattered Jeans - 30,101-0200-067,0.0,1249.0,Outofstock,30
HS Shirt,Paisley Cotton Shirt - Regular Fit - 3XL,102-0102-020,0.0,798.0,Outofstock,3XL
HS Shirt,Paisley Cotton Shirt - Regular Fit - 2XL,102-0102-020,0.0,798.0,Outofstock,2XL
HS Shirt,Paisley Cotton Shirt - Regular Fit - XL,102-0102-020,0.0,798.0,Outofstock,XL
HS Shirt,Paisley Cotton Shirt - Regular Fit - L,102-0102-020,0.0,798.0,Outofstock,L
HS Shirt,Paisley Cotton Shirt - Regular Fit - M,102-0102-020,0.0,798.0,Outofstock,M
FS Shirt,Striped Kaftan Cotton Shirt - Regular Fit - 3XL,102-0202-001,0.0,848.0,Outofstock,3XL
FS Shirt,Striped Kaftan Cotton Shirt - Regular Fit - 2XL,102-0202-001,0.0,848.0,Outofstock,2XL
FS Shirt,Striped Kaftan Cotton Shirt - Regular Fit - XL,102-0202-001,0.0,848.0,Outofstock,XL
FS Shirt,Striped Kaftan Cotton Shirt - Regular Fit - L,102-0202-001,0.0,848.0,Outofstock,L
FS Shirt,Striped Kaftan Cotton Shirt - Regular Fit - M,102-0202-001,0.0,848.0,Outofstock,M
FS Shirt,Classic Kaftan Cotton Shirt - Regular Fit - 3XL,102-0202-002,0.0,848.0,Outofstock,3XL
FS Shirt,Classic Kaftan Cotton Shirt - Regular Fit - 2XL,102-0202-002,0.0,848.0,Outofstock,2XL
FS Shirt,Classic Kaftan Cotton Shirt - Regular Fit - XL,102-0202-002,0.0,848.0,Outofstock,XL
FS Shirt,Classic Kaftan Cotton Shirt - Regular Fit - L,102-0202-002,0.0,848.0,Outofstock,L
FS Shirt,Classic Kaftan Cotton Shirt - Regular Fit - M,102-0202-002,0.0,848.0,Outofstock,M
Trousers,Ash Trousers - Regular Fit - 2XL,110-0101-006,0.0,998.0,Outofstock,2XL
Trousers,Ash Trousers - Regular Fit - XL,110-0101-006,0.0,998.0,Outofstock,XL
Trousers,Ash Trousers - Regular Fit - L,110-0101-006,0.0,998.0,Outofstock,L
Trousers,Ash Trousers - Regular Fit - M,110-0101-006,0.0,998.0,Outofstock,M
Boxer,Two-Pack of Boxer Briefs in Stretch Cotton - 2XL,107-0100-053,0.0,661.0,Outofstock,2XL
Boxer,Two-Pack of Boxer Briefs in Stretch Cotton - XL,107-0100-053,0.0,661.0,Outofstock,XL
Boxer,Two-Pack of Boxer Briefs in Stretch Cotton - L,107-0100-053,0.0,661.0,Outofstock,L
Boxer,Two-Pack of Boxer Briefs in Stretch Cotton - M,107-0100-053,0.0,661.0,Outofstock,M
Boxer,DEEN Green Boxer Shorts 25 - 2XL,107-0100-025,0.0,196.0,Outofstock,2XL
Boxer,DEEN Green Boxer Shorts 25 - XL,107-0100-025,0.0,196.0,Outofstock,XL
Boxer,DEEN Green Boxer Shorts 25 - L,107-0100-025,0.0,196.0,Outofstock,L
Boxer,DEEN Green Boxer Shorts 25 - M,107-0100-025,0.0,196.0,Outofstock,M
Boxer,DEEN Grey Boxer Shorts 20 - 2XL,107-0100-020,0.0,196.0,Outofstock,2XL
Boxer,DEEN Grey Boxer Shorts 20 - XL,107-0100-020,0.0,196.0,Outofstock,XL
Boxer,DEEN Grey Boxer Shorts 20 - L,107-0100-020,0.0,196.0,Outofstock,L
Boxer,DEEN Grey Boxer Shorts 20 - M,107-0100-020,0.0,196.0,Outofstock,M
FS Shirt,Black Scribble Flannel Shirt - Regular fit - 3XL,102-0302-016,0.0,594.0,Outofstock,3XL
FS Shirt,Black Scribble Flannel Shirt - Regular fit - 2XL,102-0302-016,0.0,594.0,Outofstock,2XL
FS Shirt,Black Scribble Flannel Shirt - Regular fit - XL,102-0302-016,0.0,594.0,Outofstock,XL
FS Shirt,Black Scribble Flannel Shirt - Regular fit - L,102-0302-016,0.0,594.0,Outofstock,L
FS Shirt,Black Scribble Flannel Shirt - Regular fit - M,102-0302-016,0.0,594.0,Outofstock,M
Panjabi,Embroidered Cotton Panjabi - 44,106-0101-077,0.0,1099.0,Outofstock,44
Panjabi,Embroidered Cotton Panjabi - 42,106-0101-077,0.0,1099.0,Outofstock,42
Panjabi,Embroidered Cotton Panjabi - 40,106-0101-077,0.0,1099.0,Outofstock,40
Panjabi,Embroidered Cotton Panjabi - 44,106-0101-054,0.0,1049.0,Outofstock,44
Panjabi,Embroidered Cotton Panjabi - 42,106-0101-054,0.0,1049.0,Outofstock,42
Panjabi,Embroidered Cotton Panjabi - 40,106-0101-054,0.0,1049.0,Outofstock,40
Boxer,DEEN Green Boxer Shorts 22 - 2XL,107-0100-022,0.0,196.0,Outofstock,2XL
Boxer,DEEN Green Boxer Shorts 22 - XL,107-0100-022,0.0,196.0,Outofstock,XL
Boxer,DEEN Green Boxer Shorts 22 - L,107-0100-022,0.0,196.0,Outofstock,L
Boxer,DEEN Green Boxer Shorts 22 - M,107-0100-022,0.0,196.0,Outofstock,M
Boxer,Two Color Pack of Boxer Briefs - 2XL,107-0100-066,0.0,557.0,Outofstock,2XL
Boxer,Two Color Pack of Boxer Briefs - XL,107-0100-066,0.0,557.0,Outofstock,XL
Boxer,Two Color Pack of Boxer Briefs - L,107-0100-066,0.0,557.0,Outofstock,L
Boxer,Two Color Pack of Boxer Briefs - M,107-0100-066,0.0,557.0,Outofstock,M
Twill,DEEN Ash Twill Chino Pant 50 – Slim Fit - 38,104-0102-005,0.0,597.5,Outofstock,38
Twill,DEEN Ash Twill Chino Pant 50 – Slim Fit - 36,104-0102-005,0.0,597.5,Outofstock,36
Twill,DEEN Ash Twill Chino Pant 50 – Slim Fit - 34,104-0102-005,0.0,597.5,Outofstock,34
Twill,DEEN Ash Twill Chino Pant 50 – Slim Fit - 32,104-0102-005,0.0,597.5,Outofstock,32
Twill,DEEN Ash Twill Chino Pant 50 – Slim Fit - 30,104-0102-005,0.0,597.5,Outofstock,30
Panjabi,Embroidered Cotton Panjabi - 44,106-0101-066,0.0,1099.0,Outofstock,44
Panjabi,Embroidered Cotton Panjabi - 42,106-0101-066,0.0,1099.0,Outofstock,42
Panjabi,Embroidered Cotton Panjabi - 40,106-0101-066,1.0,1099.0,Instock,40
Panjabi,Embroidered Cotton Panjabi - 44,106-0101-056,0.0,949.0,Outofstock,44
Panjabi,Embroidered Cotton Panjabi - 42,106-0101-056,0.0,949.0,Outofstock,42
Panjabi,Embroidered Cotton Panjabi - 40,106-0101-056,0.0,949.0,Outofstock,40
FS Shirt,Navy Grid Flannel Shirt - Regular fit - 3XL,102-0302-009old,0.0,424.5,Outofstock,3XL
FS Shirt,Navy Grid Flannel Shirt - Regular fit - 2XL,102-0302-009old,0.0,424.5,Outofstock,2XL
FS Shirt,Navy Grid Flannel Shirt - Regular fit - XL,102-0302-009old,0.0,424.5,Outofstock,XL
FS Shirt,Navy Grid Flannel Shirt - Regular fit - L,102-0302-009old,0.0,424.5,Outofstock,L
FS Shirt,Navy Grid Flannel Shirt - Regular fit - M,102-0302-009old,0.0,424.5,Outofstock,M
Boxer,Two Color Pack of Boxer Briefs - 2XL,107-0100-064,0.0,348.0,Outofstock,2XL
Boxer,Two Color Pack of Boxer Briefs - XL,107-0100-064,0.0,348.0,Outofstock,XL
Boxer,Two Color Pack of Boxer Briefs - L,107-0100-064,0.0,348.0,Outofstock,L
Boxer,Two Color Pack of Boxer Briefs - M,107-0100-064,0.0,348.0,Outofstock,M
Boxer,Three Color Pack of Boxer Briefs - 2XL,107-0100-063,0.0,522.0,Outofstock,2XL
Boxer,Three Color Pack of Boxer Briefs - XL,107-0100-063,0.0,522.0,Outofstock,XL
Boxer,Three Color Pack of Boxer Briefs - L,107-0100-063,0.0,522.0,Outofstock,L
Boxer,Three Color Pack of Boxer Briefs - M,107-0100-063,0.0,522.0,Outofstock,M
Boxer,Two Color Pack of Boxer Briefs - 2XL,107-0100-065,0.0,348.0,Outofstock,2XL
Boxer,Two Color Pack of Boxer Briefs - XL,107-0100-065,0.0,348.0,Outofstock,XL
Boxer,Two Color Pack of Boxer Briefs - L,107-0100-065,0.0,348.0,Outofstock,L
Boxer,Two Color Pack of Boxer Briefs - M,107-0100-065,0.0,348.0,Outofstock,M
Panjabi,Embroidered Cotton Panjabi - 46,106-0101-071,0.0,1099.0,Outofstock,46
Panjabi,Embroidered Cotton Panjabi - 44,106-0101-071,0.0,1099.0,Outofstock,44
Panjabi,Embroidered Cotton Panjabi - 42,106-0101-071,0.0,1099.0,Outofstock,42
Panjabi,Embroidered Cotton Panjabi - 40,106-0101-071,0.0,1099.0,Outofstock,40
Panjabi,Embroidered Cotton Panjabi - 46,106-0101-032,0.0,1099.0,Outofstock,46
Panjabi,Embroidered Cotton Panjabi - 44,106-0101-032,0.0,1099.0,Outofstock,44
Panjabi,Embroidered Cotton Panjabi - 42,106-0101-032,0.0,1099.0,Outofstock,42
Panjabi,Embroidered Cotton Panjabi - 40,106-0101-032,0.0,1099.0,Outofstock,40
Boxer,Five-Pack of Boxer Briefs in Stretch Cotton - 2XL,107-0100-062,0.0,870.0,Outofstock,2XL
Boxer,Five-Pack of Boxer Briefs in Stretch Cotton - XL,107-0100-062,0.0,870.0,Outofstock,XL
Boxer,Five-Pack of Boxer Briefs in Stretch Cotton - L,107-0100-062,0.0,870.0,Outofstock,L
Boxer,Five-Pack of Boxer Briefs in Stretch Cotton - M,107-0100-062,0.0,870.0,Outofstock,M
Panjabi,Embroidered Cotton Panjabi - 46,106-0101-031,0.0,1099.0,Outofstock,46
Panjabi,Embroidered Cotton Panjabi - 44,106-0101-031,0.0,1099.0,Outofstock,44
Panjabi,Embroidered Cotton Panjabi - 42,106-0101-031,0.0,1099.0,Outofstock,42
Panjabi,Embroidered Cotton Panjabi - 40,106-0101-031,0.0,1099.0,Outofstock,40
Boxer,Three-Pack of Boxer Briefs in Stretch Cotton - 2XL,107-0100-061,0.0,522.0,Outofstock,2XL
Boxer,Three-Pack of Boxer Briefs in Stretch Cotton - XL,107-0100-061,0.0,522.0,Outofstock,XL
Boxer,Three-Pack of Boxer Briefs in Stretch Cotton - L,107-0100-061,0.0,522.0,Outofstock,L
Boxer,Three-Pack of Boxer Briefs in Stretch Cotton - M,107-0100-061,0.0,522.0,Outofstock,M
Boxer,Two-Pack of Boxer Briefs in Stretch Cotton - 2XL,107-0100-060,0.0,348.0,Outofstock,2XL
Boxer,Two-Pack of Boxer Briefs in Stretch Cotton - XL,107-0100-060,0.0,348.0,Outofstock,XL
Boxer,Two-Pack of Boxer Briefs in Stretch Cotton - L,107-0100-060,0.0,348.0,Outofstock,L
Boxer,Two-Pack of Boxer Briefs in Stretch Cotton - M,107-0100-060,0.0,348.0,Outofstock,M
Trousers,Terry Joggers 60 - 2XL,112-0101-060,0.0,849.0,Outofstock,2XL
Trousers,Terry Joggers 60 - XL,112-0101-060,0.0,849.0,Outofstock,XL
Trousers,Terry Joggers 60 - L,112-0101-060,0.0,849.0,Outofstock,L
Trousers,Terry Joggers 60 - M,112-0101-060,0.0,849.0,Outofstock,M
FS Shirt,Charcoal Grid Flannel Shirt - 3XL,102-0302-035,0.0,664.0,Outofstock,3XL
FS Shirt,Charcoal Grid Flannel Shirt - 2XL,102-0302-035,0.0,664.0,Outofstock,2XL
FS Shirt,Charcoal Grid Flannel Shirt - XL,102-0302-035,0.0,664.0,Outofstock,XL
FS Shirt,Charcoal Grid Flannel Shirt - L,102-0302-035,0.0,664.0,Outofstock,L
FS Shirt,Charcoal Grid Flannel Shirt - M,102-0302-035,0.0,664.0,Outofstock,M
FS Shirt,Rustic Tartan Flannel Shirt - 3XL,102-0302-045,0.0,664.0,Outofstock,3XL
FS Shirt,Rustic Tartan Flannel Shirt - 2XL,102-0302-045,0.0,664.0,Outofstock,2XL
FS Shirt,Rustic Tartan Flannel Shirt - XL,102-0302-045,0.0,664.0,Outofstock,XL
FS Shirt,Rustic Tartan Flannel Shirt - L,102-0302-045,0.0,664.0,Outofstock,L
FS Shirt,Rustic Tartan Flannel Shirt - M,102-0302-045,0.0,664.0,Outofstock,M
FS Shirt,White Pinstripe Full Sleeve Shirt - 3XL,102-0302-002OLD,0.0,664.0,Outofstock,3XL
FS Shirt,White Pinstripe Full Sleeve Shirt - 2XL,102-0302-002OLD,0.0,664.0,Outofstock,2XL
FS Shirt,White Pinstripe Full Sleeve Shirt - XL,102-0302-002OLD,0.0,664.0,Outofstock,XL
FS Shirt,White Pinstripe Full Sleeve Shirt - L,102-0302-002OLD,0.0,664.0,Outofstock,L
FS Shirt,White Pinstripe Full Sleeve Shirt - M,102-0302-002OLD,0.0,664.0,Outofstock,M
FS Shirt,Dark Blue Denim Shirt - 3XL,102-0402-032,3.0,474.0,Instock,3XL
FS Shirt,Dark Blue Denim Shirt - 2XL,102-0402-032,30.0,474.0,Instock,2XL
FS Shirt,Dark Blue Denim Shirt - XL,102-0402-032,33.0,474.0,Instock,XL
FS Shirt,Dark Blue Denim Shirt - L,102-0402-032,30.0,474.0,Instock,L
FS Shirt,Dark Blue Denim Shirt - M,102-0402-032,0.0,474.0,Outofstock,M
FS Shirt,Olive Mist Flannel Shirt - 3XL,102-0302-040,0.0,699.0,Outofstock,3XL
FS Shirt,Olive Mist Flannel Shirt - 2XL,102-0302-040,0.0,699.0,Outofstock,2XL
FS Shirt,Olive Mist Flannel Shirt - XL,102-0302-040,0.0,699.0,Outofstock,XL
FS Shirt,Olive Mist Flannel Shirt - L,102-0302-040,0.0,699.0,Outofstock,L
FS Shirt,Olive Mist Flannel Shirt - M,102-0302-040,0.0,699.0,Outofstock,M
FS Shirt,Mocha Brown Flannel Shirt - 3XL,102-0302-044,0.0,699.0,Outofstock,3XL
FS Shirt,Mocha Brown Flannel Shirt - 2XL,102-0302-044,0.0,699.0,Outofstock,2XL
FS Shirt,Mocha Brown Flannel Shirt - XL,102-0302-044,0.0,699.0,Outofstock,XL
FS Shirt,Mocha Brown Flannel Shirt - L,102-0302-044,0.0,699.0,Outofstock,L
FS Shirt,Mocha Brown Flannel Shirt - M,102-0302-044,0.0,699.0,Outofstock,M
FS Shirt,Golden Wheat Flannel Shirt - 3XL,102-0302-042,0.0,699.0,Outofstock,3XL
FS Shirt,Golden Wheat Flannel Shirt - 2XL,102-0302-042,0.0,699.0,Outofstock,2XL
FS Shirt,Golden Wheat Flannel Shirt - XL,102-0302-042,0.0,699.0,Outofstock,XL
FS Shirt,Golden Wheat Flannel Shirt - L,102-0302-042,0.0,699.0,Outofstock,L
FS Shirt,Golden Wheat Flannel Shirt - M,102-0302-042,0.0,699.0,Outofstock,M
FS Shirt,Sand Beige Plaid Flannel Shirt - 3XL,102-0302-036,0.0,699.0,Outofstock,3XL
FS Shirt,Sand Beige Plaid Flannel Shirt - 2XL,102-0302-036,0.0,699.0,Outofstock,2XL
FS Shirt,Sand Beige Plaid Flannel Shirt - XL,102-0302-036,0.0,699.0,Outofstock,XL
FS Shirt,Sand Beige Plaid Flannel Shirt - L,102-0302-036,0.0,699.0,Outofstock,L
FS Shirt,Sand Beige Plaid Flannel Shirt - M,102-0302-036,0.0,699.0,Outofstock,M
FS Shirt,Ash Grey Check Flannel Shirt - 3XL,102-0302-041,0.0,699.0,Outofstock,3XL
FS Shirt,Ash Grey Check Flannel Shirt - 2XL,102-0302-041,0.0,699.0,Outofstock,2XL
FS Shirt,Ash Grey Check Flannel Shirt - XL,102-0302-041,0.0,699.0,Outofstock,XL
FS Shirt,Ash Grey Check Flannel Shirt - L,102-0302-041,0.0,699.0,Outofstock,L
FS Shirt,Ash Grey Check Flannel Shirt - M,102-0302-041,0.0,699.0,Outofstock,M
FS Shirt,Navy Classic Flannel Shirt - 3XL,102-0302-038,0.0,699.0,Outofstock,3XL
FS Shirt,Navy Classic Flannel Shirt - 2XL,102-0302-038,0.0,699.0,Outofstock,2XL
FS Shirt,Navy Classic Flannel Shirt - XL,102-0302-038,0.0,699.0,Outofstock,XL
FS Shirt,Navy Classic Flannel Shirt - L,102-0302-038,0.0,699.0,Outofstock,L
FS Shirt,Navy Classic Flannel Shirt - M,102-0302-038,0.0,699.0,Outofstock,M
FS Shirt,Light Grey Printed Full Sleeve Shirt - 3XL,102-0302-004old,0.0,664.0,Outofstock,3XL
FS Shirt,Light Grey Printed Full Sleeve Shirt - 2XL,102-0302-004old,0.0,664.0,Outofstock,2XL
FS Shirt,Light Grey Printed Full Sleeve Shirt - XL,102-0302-004old,0.0,664.0,Outofstock,XL
FS Shirt,Light Grey Printed Full Sleeve Shirt - L,102-0302-004old,0.0,664.0,Outofstock,L
FS Shirt,Light Grey Printed Full Sleeve Shirt - M,102-0302-004old,0.0,664.0,Outofstock,M
T-Shirt,Cotton Courageous T-shirt with Artwork - 3XL,105-0101-363,0.0,359.0,Outofstock,3XL
T-Shirt,Cotton Courageous T-shirt with Artwork - 2XL,105-0101-363,0.0,359.0,Outofstock,2XL
T-Shirt,Cotton Courageous T-shirt with Artwork - XL,105-0101-363,0.0,359.0,Outofstock,XL
T-Shirt,Cotton Courageous T-shirt with Artwork - L,105-0101-363,0.0,359.0,Outofstock,L
T-Shirt,Cotton Courageous T-shirt with Artwork - M,105-0101-363,0.0,359.0,Outofstock,M
FS Shirt,Ocean Blue Plaid Flannel Shirt - 3XL,102-0302-039,0.0,664.0,Outofstock,3XL
FS Shirt,Ocean Blue Plaid Flannel Shirt - 2XL,102-0302-039,0.0,664.0,Outofstock,2XL
FS Shirt,Ocean Blue Plaid Flannel Shirt - XL,102-0302-039,0.0,664.0,Outofstock,XL
FS Shirt,Ocean Blue Plaid Flannel Shirt - L,102-0302-039,0.0,664.0,Outofstock,L
FS Shirt,Ocean Blue Plaid Flannel Shirt - M,102-0302-039,0.0,664.0,Outofstock,M
FS Shirt,Arctic Blue Check Flannel Shirt - 3XL,102-0302-034,0.0,664.0,Outofstock,3XL
FS Shirt,Arctic Blue Check Flannel Shirt - 2XL,102-0302-034,0.0,664.0,Outofstock,2XL
FS Shirt,Arctic Blue Check Flannel Shirt - XL,102-0302-034,0.0,664.0,Outofstock,XL
FS Shirt,Arctic Blue Check Flannel Shirt - L,102-0302-034,0.0,664.0,Outofstock,L
FS Shirt,Arctic Blue Check Flannel Shirt - M,102-0302-034,0.0,664.0,Outofstock,M
FS Shirt,Hunter Green Check Flannel Shirt - 3XL,102-0302-037,0.0,699.0,Outofstock,3XL
FS Shirt,Hunter Green Check Flannel Shirt - 2XL,102-0302-037,0.0,699.0,Outofstock,2XL
FS Shirt,Hunter Green Check Flannel Shirt - XL,102-0302-037,0.0,699.0,Outofstock,XL
FS Shirt,Hunter Green Check Flannel Shirt - L,102-0302-037,0.0,699.0,Outofstock,L
FS Shirt,Hunter Green Check Flannel Shirt - M,102-0302-037,0.0,699.0,Outofstock,M
Twill,DEEN Khaki Twill 5-Pocket Pant 28 - Slim Fit - 38,104-0202-002,0.0,1145.0,Outofstock,38
Twill,DEEN Khaki Twill 5-Pocket Pant 28 - Slim Fit - 36,104-0202-002,0.0,1145.0,Outofstock,36
Twill,DEEN Khaki Twill 5-Pocket Pant 28 - Slim Fit - 34,104-0202-002,0.0,1145.0,Outofstock,34
Twill,DEEN Khaki Twill 5-Pocket Pant 28 - Slim Fit - 32,104-0202-002,0.0,1145.0,Outofstock,32
Twill,DEEN Khaki Twill 5-Pocket Pant 28 - Slim Fit - 30,104-0202-002,0.0,1145.0,Outofstock,30
FS Shirt,Navy Heritage Flannel Shirt - 3XL,102-0302-043,0.0,664.0,Outofstock,3XL
FS Shirt,Navy Heritage Flannel Shirt - 2XL,102-0302-043,0.0,664.0,Outofstock,2XL
FS Shirt,Navy Heritage Flannel Shirt - XL,102-0302-043,0.0,664.0,Outofstock,XL
FS Shirt,Navy Heritage Flannel Shirt - L,102-0302-043,0.0,664.0,Outofstock,L
FS Shirt,Navy Heritage Flannel Shirt - M,102-0302-043,0.0,664.0,Outofstock,M
Twill,DEEN Navy Twill Chino Pant 20 - Slim Fit - 38,104-0102-001,0.0,597.5,Outofstock,38
Twill,DEEN Navy Twill Chino Pant 20 - Slim Fit - 36,104-0102-001,0.0,597.5,Outofstock,36
Twill,DEEN Navy Twill Chino Pant 20 - Slim Fit - 34,104-0102-001,0.0,597.5,Outofstock,34
Twill,DEEN Navy Twill Chino Pant 20 - Slim Fit - 32,104-0102-001,0.0,597.5,Outofstock,32
Twill,DEEN Navy Twill Chino Pant 20 - Slim Fit - 30,104-0102-001,0.0,597.5,Outofstock,30
T-Shirt,Ash Versatile Active Wear - 3XL,111-0101-002,0.0,438.0,Outofstock,3XL
T-Shirt,Ash Versatile Active Wear - 2XL,111-0101-002,0.0,438.0,Outofstock,2XL
T-Shirt,Ash Versatile Active Wear - XL,111-0101-002,0.0,438.0,Outofstock,XL
T-Shirt,Ash Versatile Active Wear - L,111-0101-002,0.0,438.0,Outofstock,L
T-Shirt,Ash Versatile Active Wear - M,111-0101-002,0.0,438.0,Outofstock,M
FS Shirt,Midnight Check Flannel Shirt - Regular fit - 3XL,102-0302-014,0.0,594.0,Outofstock,3XL
FS Shirt,Midnight Check Flannel Shirt - Regular fit - 2XL,102-0302-014,0.0,594.0,Outofstock,2XL
FS Shirt,Midnight Check Flannel Shirt - Regular fit - XL,102-0302-014,0.0,594.0,Outofstock,XL
FS Shirt,Midnight Check Flannel Shirt - Regular fit - L,102-0302-014,0.0,594.0,Outofstock,L
FS Shirt,Midnight Check Flannel Shirt - Regular fit - M,102-0302-014,0.0,594.0,Outofstock,M
Twill,DEEN Khaki Twill Joggers Pant 34 - 38,104-0302-003,0.0,1195.0,Outofstock,38
Twill,DEEN Khaki Twill Joggers Pant 34 - 36,104-0302-003,0.0,1195.0,Outofstock,36
Twill,DEEN Khaki Twill Joggers Pant 34 - 34,104-0302-003,0.0,1195.0,Outofstock,34
Twill,DEEN Khaki Twill Joggers Pant 34 - 32,104-0302-003,0.0,1195.0,Outofstock,32
Twill,DEEN Khaki Twill Joggers Pant 34 - 30,104-0302-003,0.0,1195.0,Outofstock,30
Twill,DEEN Ash Twill Joggers Pant 32 - 38,104-0302-002,0.0,1195.0,Outofstock,38
Twill,DEEN Ash Twill Joggers Pant 32 - 36,104-0302-002,0.0,1195.0,Outofstock,36
Twill,DEEN Ash Twill Joggers Pant 32 - 34,104-0302-002,0.0,1195.0,Outofstock,34
Twill,DEEN Ash Twill Joggers Pant 32 - 32,104-0302-002,0.0,1195.0,Outofstock,32
Twill,DEEN Ash Twill Joggers Pant 32 - 30,104-0302-002,0.0,1195.0,Outofstock,30
Panjabi,Embroidered Cotton Panjabi - 44,106-0101-079,0.0,899.0,Outofstock,44
Panjabi,Embroidered Cotton Panjabi - 42,106-0101-079,0.0,899.0,Outofstock,42
Panjabi,Embroidered Cotton Panjabi - 40,106-0101-079,0.0,899.0,Outofstock,40
T-Shirt,Black Versatile Active Wear - 3XL,111-0101-003,0.0,438.0,Outofstock,3XL
T-Shirt,Black Versatile Active Wear - 2XL,111-0101-003,0.0,438.0,Outofstock,2XL
T-Shirt,Black Versatile Active Wear - XL,111-0101-003,0.0,438.0,Outofstock,XL
T-Shirt,Black Versatile Active Wear - L,111-0101-003,0.0,438.0,Outofstock,L
T-Shirt,Black Versatile Active Wear - M,111-0101-003,0.0,438.0,Outofstock,M
T-Shirt,Cotton Black T-shirt with Logo Artwork - 3XL,105-0101-364,0.0,359.0,Outofstock,3XL
T-Shirt,Cotton Black T-shirt with Logo Artwork - 2XL,105-0101-364,0.0,359.0,Outofstock,2XL
T-Shirt,Cotton Black T-shirt with Logo Artwork - XL,105-0101-364,0.0,359.0,Outofstock,XL
T-Shirt,Cotton Black T-shirt with Logo Artwork - L,105-0101-364,0.0,359.0,Outofstock,L
T-Shirt,Cotton Black T-shirt with Logo Artwork - M,105-0101-364,0.0,359.0,Outofstock,M
T-Shirt,Cotton Glass Green T-shirt with Artwork - 3XL,105-0101-366,0.0,449.0,Outofstock,3XL
T-Shirt,Cotton Glass Green T-shirt with Artwork - 2XL,105-0101-366,0.0,449.0,Outofstock,2XL
T-Shirt,Cotton Glass Green T-shirt with Artwork - XL,105-0101-366,0.0,449.0,Outofstock,XL
T-Shirt,Cotton Glass Green T-shirt with Artwork - L,105-0101-366,0.0,449.0,Outofstock,L
T-Shirt,Cotton Glass Green T-shirt with Artwork - M,105-0101-366,0.0,449.0,Outofstock,M
Panjabi,Embroidered Cotton Panjabi - 46,106-0101-088,0.0,980.0,Outofstock,46
Panjabi,Embroidered Cotton Panjabi - 44,106-0101-088,0.0,980.0,Outofstock,44
Panjabi,Embroidered Cotton Panjabi - 42,106-0101-088,0.0,980.0,Outofstock,42
Panjabi,Embroidered Cotton Panjabi - 40,106-0101-088,0.0,980.0,Outofstock,40
T-Shirt,Cotton Green T-shirt with Print - 3XL,105-0101-362,0.0,399.0,Outofstock,3XL
T-Shirt,Cotton Green T-shirt with Print - 2XL,105-0101-362,0.0,399.0,Outofstock,2XL
T-Shirt,Cotton Green T-shirt with Print - XL,105-0101-362,0.0,399.0,Outofstock,XL
T-Shirt,Cotton Green T-shirt with Print - L,105-0101-362,0.0,399.0,Outofstock,L
T-Shirt,Cotton Green T-shirt with Print - M,105-0101-362,0.0,399.0,Outofstock,M
T-Shirt,DEEN Olive T-shirt with Artwork - 3XL,105-0101-353,0.0,359.0,Outofstock,3XL
T-Shirt,DEEN Olive T-shirt with Artwork - 2XL,105-0101-353,0.0,359.0,Outofstock,2XL
T-Shirt,DEEN Olive T-shirt with Artwork - XL,105-0101-353,0.0,359.0,Outofstock,XL
T-Shirt,DEEN Olive T-shirt with Artwork - L,105-0101-353,0.0,359.0,Outofstock,L
T-Shirt,DEEN Olive T-shirt with Artwork - M,105-0101-353,0.0,359.0,Outofstock,M
FS Shirt,Navy Polka Dot Full Sleeve Shirt - 3XL,102-0302-006old,0.0,664.0,Outofstock,3XL
FS Shirt,Navy Polka Dot Full Sleeve Shirt - 2XL,102-0302-006old,0.0,664.0,Outofstock,2XL
FS Shirt,Navy Polka Dot Full Sleeve Shirt - XL,102-0302-006old,0.0,664.0,Outofstock,XL
FS Shirt,Navy Polka Dot Full Sleeve Shirt - L,102-0302-006old,0.0,664.0,Outofstock,L
FS Shirt,Navy Polka Dot Full Sleeve Shirt - M,102-0302-006old,0.0,664.0,Outofstock,M
T-Shirt,Cotton Blue T-shirt with Print - 3XL,105-0101-361,0.0,359.0,Outofstock,3XL
T-Shirt,Cotton Blue T-shirt with Print - 2XL,105-0101-361,0.0,359.0,Outofstock,2XL
T-Shirt,Cotton Blue T-shirt with Print - XL,105-0101-361,0.0,359.0,Outofstock,XL
T-Shirt,Cotton Blue T-shirt with Print - L,105-0101-361,0.0,359.0,Outofstock,L
T-Shirt,Cotton Blue T-shirt with Print - M,105-0101-361,0.0,359.0,Outofstock,M
FS Shirt,Off White Floral Print Full Sleeve Shirt - 3XL,102-0302-005old,0.0,664.0,Outofstock,3XL
FS Shirt,Off White Floral Print Full Sleeve Shirt - 2XL,102-0302-005old,0.0,664.0,Outofstock,2XL
FS Shirt,Off White Floral Print Full Sleeve Shirt - XL,102-0302-005old,0.0,664.0,Outofstock,XL
FS Shirt,Off White Floral Print Full Sleeve Shirt - L,102-0302-005old,0.0,664.0,Outofstock,L
FS Shirt,Off White Floral Print Full Sleeve Shirt - M,102-0302-005old,0.0,664.0,Outofstock,M
Panjabi,Embroidered Cotton Panjabi - 44,106-0101-064,0.0,1099.0,Outofstock,44
Panjabi,Embroidered Cotton Panjabi - 42,106-0101-064,0.0,1099.0,Outofstock,42
Panjabi,Embroidered Cotton Panjabi - 40,106-0101-064,0.0,1099.0,Outofstock,40
FS Shirt,White Blue Check Full Sleeve Shirt - 3XL,102-0302-003OLD,0.0,664.0,Outofstock,3XL
FS Shirt,White Blue Check Full Sleeve Shirt - 2XL,102-0302-003OLD,0.0,664.0,Outofstock,2XL
FS Shirt,White Blue Check Full Sleeve Shirt - XL,102-0302-003OLD,0.0,664.0,Outofstock,XL
FS Shirt,White Blue Check Full Sleeve Shirt - L,102-0302-003OLD,0.0,664.0,Outofstock,L
FS Shirt,White Blue Check Full Sleeve Shirt - M,102-0302-003OLD,0.0,664.0,Outofstock,M
FS Shirt,Navy Stripe Cotton Full Sleeve Shirt - 3XL,102-0302-001OLD,0.0,664.0,Outofstock,3XL
FS Shirt,Navy Stripe Cotton Full Sleeve Shirt - 2XL,102-0302-001OLD,0.0,664.0,Outofstock,2XL
FS Shirt,Navy Stripe Cotton Full Sleeve Shirt - XL,102-0302-001OLD,0.0,664.0,Outofstock,XL
FS Shirt,Navy Stripe Cotton Full Sleeve Shirt - L,102-0302-001OLD,0.0,664.0,Outofstock,L
FS Shirt,Navy Stripe Cotton Full Sleeve Shirt - M,102-0302-001OLD,0.0,664.0,Outofstock,M
T-Shirt,Grey Versatile Active Wear - 3XL,111-0101-001,0.0,438.0,Outofstock,3XL
T-Shirt,Grey Versatile Active Wear - 2XL,111-0101-001,0.0,438.0,Outofstock,2XL
T-Shirt,Grey Versatile Active Wear - XL,111-0101-001,0.0,438.0,Outofstock,XL
T-Shirt,Grey Versatile Active Wear - L,111-0101-001,0.0,438.0,Outofstock,L
T-Shirt,Grey Versatile Active Wear - M,111-0101-001,0.0,438.0,Outofstock,M
T-Shirt,Dark Grey Versatile Active Wear - 3XL,111-0101-004,0.0,438.0,Outofstock,3XL
T-Shirt,Dark Grey Versatile Active Wear - 2XL,111-0101-004,0.0,438.0,Outofstock,2XL
T-Shirt,Dark Grey Versatile Active Wear - XL,111-0101-004,0.0,438.0,Outofstock,XL
T-Shirt,Dark Grey Versatile Active Wear - L,111-0101-004,0.0,438.0,Outofstock,L
T-Shirt,Dark Grey Versatile Active Wear - M,111-0101-004,0.0,438.0,Outofstock,M
Boxer,Five-Pack of Boxer Briefs in Stretch Cotton - 2XL,107-0100-059,5.0,1479.0,Instock,2XL
Boxer,Five-Pack of Boxer Briefs in Stretch Cotton - XL,107-0100-059,0.0,1479.0,Outofstock,XL
Boxer,Five-Pack of Boxer Briefs in Stretch Cotton - L,107-0100-059,10.0,1479.0,Instock,L
Boxer,Five-Pack of Boxer Briefs in Stretch Cotton - M,107-0100-059,10.0,1479.0,Instock,M
T-Shirt,Dark Ash Versatile Active Wear - 3XL,111-0101-005,0.0,438.0,Outofstock,3XL
T-Shirt,Dark Ash Versatile Active Wear - 2XL,111-0101-005,0.0,438.0,Outofstock,2XL
T-Shirt,Dark Ash Versatile Active Wear - XL,111-0101-005,0.0,438.0,Outofstock,XL
T-Shirt,Dark Ash Versatile Active Wear - L,111-0101-005,0.0,438.0,Outofstock,L
T-Shirt,Dark Ash Versatile Active Wear - M,111-0101-005,0.0,438.0,Outofstock,M
Boxer,Three-Pack of Boxer Briefs in Stretch Cotton - 2XL,107-0100-057,1.0,940.0,Outofstock,2XL
Boxer,Three-Pack of Boxer Briefs in Stretch Cotton - XL,107-0100-057,0.0,940.0,Outofstock,XL
Boxer,Three-Pack of Boxer Briefs in Stretch Cotton - L,107-0100-057,8.0,940.0,Instock,L
Boxer,Three-Pack of Boxer Briefs in Stretch Cotton - M,107-0100-057,9.0,940.0,Instock,M
Boxer,Five-Pack of Boxer Briefs in Stretch Cotton - 2XL,107-0100-058,0.0,1479.0,Outofstock,2XL
Boxer,Five-Pack of Boxer Briefs in Stretch Cotton - XL,107-0100-058,5.0,1479.0,Instock,XL
Boxer,Five-Pack of Boxer Briefs in Stretch Cotton - L,107-0100-058,5.0,1479.0,Instock,L
Boxer,Five-Pack of Boxer Briefs in Stretch Cotton - M,107-0100-058,5.0,1479.0,Instock,M
Boxer,Three-Pack of Boxer Briefs in Stretch Cotton - 2XL,107-0100-056,0.0,940.0,Outofstock,2XL
Boxer,Three-Pack of Boxer Briefs in Stretch Cotton - XL,107-0100-056,4.0,940.0,Instock,XL
Boxer,Three-Pack of Boxer Briefs in Stretch Cotton - L,107-0100-056,3.0,940.0,Instock,L
Boxer,Three-Pack of Boxer Briefs in Stretch Cotton - M,107-0100-056,3.0,940.0,Instock,M
Boxer,Two-Pack of Boxer Briefs in Stretch Cotton - 2XL,107-0100-055,1.0,661.0,Outofstock,2XL
Boxer,Two-Pack of Boxer Briefs in Stretch Cotton - XL,107-0100-055,0.0,661.0,Outofstock,XL
Boxer,Two-Pack of Boxer Briefs in Stretch Cotton - L,107-0100-055,8.0,661.0,Instock,L
Boxer,Two-Pack of Boxer Briefs in Stretch Cotton - M,107-0100-055,10.0,661.0,Instock,M
Boxer,Two-Pack of Boxer Briefs in Stretch Cotton - 2XL,107-0100-054,0.0,661.0,Outofstock,2XL
Boxer,Two-Pack of Boxer Briefs in Stretch Cotton - XL,107-0100-054,2.0,661.0,Instock,XL
Boxer,Two-Pack of Boxer Briefs in Stretch Cotton - L,107-0100-054,3.0,661.0,Instock,L
Boxer,Two-Pack of Boxer Briefs in Stretch Cotton - M,107-0100-054,4.0,661.0,Instock,M
HS Shirt,Moss Contrast Stitch Shirt - Regular Fit - 3XL,102-0102-041,0.0,898.0,Outofstock,3XL
HS Shirt,Moss Contrast Stitch Shirt - Regular Fit - 2XL,102-0102-041,0.0,898.0,Outofstock,2XL
HS Shirt,Moss Contrast Stitch Shirt - Regular Fit - XL,102-0102-041,0.0,898.0,Outofstock,XL
HS Shirt,Moss Contrast Stitch Shirt - Regular Fit - L,102-0102-041,0.0,898.0,Outofstock,L
HS Shirt,Moss Contrast Stitch Shirt - Regular Fit - M,102-0102-041,0.0,898.0,Outofstock,M
HS Shirt,Charcoal Contrast Stitch Shirt - Regular Fit - 3XL,102-0102-040,0.0,898.0,Outofstock,3XL
HS Shirt,Charcoal Contrast Stitch Shirt - Regular Fit - 2XL,102-0102-040,0.0,898.0,Outofstock,2XL
HS Shirt,Charcoal Contrast Stitch Shirt - Regular Fit - XL,102-0102-040,0.0,898.0,Outofstock,XL
HS Shirt,Charcoal Contrast Stitch Shirt - Regular Fit - L,102-0102-040,0.0,898.0,Outofstock,L
HS Shirt,Charcoal Contrast Stitch Shirt - Regular Fit - M,102-0102-040,0.0,898.0,Outofstock,M
HS Shirt,Grey Contrast Stitch Shirt - Regular Fit - 3XL,102-0102-037,0.0,898.0,Outofstock,3XL
HS Shirt,Grey Contrast Stitch Shirt - Regular Fit - 2XL,102-0102-037,0.0,898.0,Outofstock,2XL
HS Shirt,Grey Contrast Stitch Shirt - Regular Fit - XL,102-0102-037,0.0,898.0,Outofstock,XL
HS Shirt,Grey Contrast Stitch Shirt - Regular Fit - L,102-0102-037,0.0,898.0,Outofstock,L
HS Shirt,Grey Contrast Stitch Shirt - Regular Fit - M,102-0102-037,0.0,898.0,Outofstock,M
HS Shirt,Aqua Contrast Stitch Shirt - Regular Fit - 3XL,102-0102-038,0.0,898.0,Outofstock,3XL
HS Shirt,Aqua Contrast Stitch Shirt - Regular Fit - 2XL,102-0102-038,0.0,898.0,Outofstock,2XL
HS Shirt,Aqua Contrast Stitch Shirt - Regular Fit - XL,102-0102-038,0.0,898.0,Outofstock,XL
HS Shirt,Aqua Contrast Stitch Shirt - Regular Fit - L,102-0102-038,0.0,898.0,Outofstock,L
HS Shirt,Aqua Contrast Stitch Shirt - Regular Fit - M,102-0102-038,0.0,898.0,Outofstock,M
HS Shirt,Ash Contrast Stitch Shirt - Regular Fit - 3XL,102-0102-036,0.0,898.0,Outofstock,3XL
HS Shirt,Ash Contrast Stitch Shirt - Regular Fit - 2XL,102-0102-036,0.0,898.0,Outofstock,2XL
HS Shirt,Ash Contrast Stitch Shirt - Regular Fit - XL,102-0102-036,0.0,898.0,Outofstock,XL
HS Shirt,Ash Contrast Stitch Shirt - Regular Fit - L,102-0102-036,0.0,898.0,Outofstock,L
HS Shirt,Ash Contrast Stitch Shirt - Regular Fit - M,102-0102-036,0.0,898.0,Outofstock,M
FS Shirt,Multi Check Flannel Shirt - Regular fit - 3XL,102-0302-022,0.0,594.0,Outofstock,3XL
FS Shirt,Multi Check Flannel Shirt - Regular fit - 2XL,102-0302-022,0.0,594.0,Outofstock,2XL
FS Shirt,Multi Check Flannel Shirt - Regular fit - XL,102-0302-022,0.0,594.0,Outofstock,XL
FS Shirt,Multi Check Flannel Shirt - Regular fit - L,102-0302-022,0.0,594.0,Outofstock,L
FS Shirt,Multi Check Flannel Shirt - Regular fit - M,102-0302-022,0.0,594.0,Outofstock,M
HS Shirt,Sapphire Contrast Stitch Shirt - Regular Fit - 3XL,102-0102-039,0.0,898.0,Outofstock,3XL
HS Shirt,Sapphire Contrast Stitch Shirt - Regular Fit - 2XL,102-0102-039,0.0,898.0,Outofstock,2XL
HS Shirt,Sapphire Contrast Stitch Shirt - Regular Fit - XL,102-0102-039,0.0,898.0,Outofstock,XL
HS Shirt,Sapphire Contrast Stitch Shirt - Regular Fit - L,102-0102-039,0.0,898.0,Outofstock,L
HS Shirt,Sapphire Contrast Stitch Shirt - Regular Fit - M,102-0102-039,0.0,898.0,Outofstock,M
FS Shirt,Shadow Mist Flannel Shirt - Regular fit - 3XL,102-0302-021,0.0,594.0,Outofstock,3XL
FS Shirt,Shadow Mist Flannel Shirt - Regular fit - 2XL,102-0302-021,0.0,594.0,Outofstock,2XL
FS Shirt,Shadow Mist Flannel Shirt - Regular fit - XL,102-0302-021,0.0,594.0,Outofstock,XL
FS Shirt,Shadow Mist Flannel Shirt - Regular fit - L,102-0302-021,0.0,594.0,Outofstock,L
FS Shirt,Shadow Mist Flannel Shirt - Regular fit - M,102-0302-021,0.0,594.0,Outofstock,M
FS Shirt,Teal Woods Flannel Shirt - Regular fit - 3XL,102-0302-020,0.0,594.0,Outofstock,3XL
FS Shirt,Teal Woods Flannel Shirt - Regular fit - 2XL,102-0302-020,0.0,594.0,Outofstock,2XL
FS Shirt,Teal Woods Flannel Shirt - Regular fit - XL,102-0302-020,0.0,594.0,Outofstock,XL
FS Shirt,Teal Woods Flannel Shirt - Regular fit - L,102-0302-020,0.0,594.0,Outofstock,L
FS Shirt,Teal Woods Flannel Shirt - Regular fit - M,102-0302-020,0.0,594.0,Outofstock,M
FS Shirt,Urban Grey Flannel Shirt - Regular fit - 3XL,102-0302-018,0.0,594.0,Outofstock,3XL
FS Shirt,Urban Grey Flannel Shirt - Regular fit - 2XL,102-0302-018,0.0,594.0,Outofstock,2XL
FS Shirt,Urban Grey Flannel Shirt - Regular fit - XL,102-0302-018,0.0,594.0,Outofstock,XL
FS Shirt,Urban Grey Flannel Shirt - Regular fit - L,102-0302-018,0.0,594.0,Outofstock,L
FS Shirt,Urban Grey Flannel Shirt - Regular fit - M,102-0302-018,0.0,594.0,Outofstock,M
FS Shirt,Rust Trail Flannel Shirt - Regular fit - 3XL,102-0302-019,0.0,664.0,Outofstock,3XL
FS Shirt,Rust Trail Flannel Shirt - Regular fit - 2XL,102-0302-019,0.0,664.0,Outofstock,2XL
FS Shirt,Rust Trail Flannel Shirt - Regular fit - XL,102-0302-019,0.0,664.0,Outofstock,XL
FS Shirt,Rust Trail Flannel Shirt - Regular fit - L,102-0302-019,0.0,664.0,Outofstock,L
FS Shirt,Rust Trail Flannel Shirt - Regular fit - M,102-0302-019,0.0,664.0,Outofstock,M
FS Shirt,White Grid Flannel Shirt - Regular fit - 3XL,102-0302-013,0.0,594.0,Outofstock,3XL
FS Shirt,White Grid Flannel Shirt - Regular fit - 2XL,102-0302-013,0.0,594.0,Outofstock,2XL
FS Shirt,White Grid Flannel Shirt - Regular fit - XL,102-0302-013,0.0,594.0,Outofstock,XL
FS Shirt,White Grid Flannel Shirt - Regular fit - L,102-0302-013,0.0,594.0,Outofstock,L
FS Shirt,White Grid Flannel Shirt - Regular fit - M,102-0302-013,0.0,594.0,Outofstock,M
Trousers,Light Grey Check Trousers – Regular Fit - 2XL,110-0101-007,0.0,499.0,Outofstock,2XL
Trousers,Light Grey Check Trousers – Regular Fit - XL,110-0101-007,0.0,499.0,Outofstock,XL
Trousers,Light Grey Check Trousers – Regular Fit - L,110-0101-007,0.0,499.0,Outofstock,L
Trousers,Light Grey Check Trousers – Regular Fit - M,110-0101-007,0.0,499.0,Outofstock,M
FS Shirt,Sandstone Flannel Shirt - Regular fit - 3XL,102-0302-008old,0.0,594.0,Outofstock,3XL
FS Shirt,Sandstone Flannel Shirt - Regular fit - 2XL,102-0302-008old,0.0,594.0,Outofstock,2XL
FS Shirt,Sandstone Flannel Shirt - Regular fit - XL,102-0302-008old,0.0,594.0,Outofstock,XL
FS Shirt,Sandstone Flannel Shirt - Regular fit - L,102-0302-008old,0.0,594.0,Outofstock,L
FS Shirt,Sandstone Flannel Shirt - Regular fit - M,102-0302-008old,0.0,594.0,Outofstock,M
FS Shirt,Lavender Plaid Flannel Shirt - Regular fit - 3XL,102-0302-011,0.0,594.0,Outofstock,3XL
FS Shirt,Lavender Plaid Flannel Shirt - Regular fit - 2XL,102-0302-011,0.0,594.0,Outofstock,2XL
FS Shirt,Lavender Plaid Flannel Shirt - Regular fit - XL,102-0302-011,0.0,594.0,Outofstock,XL
FS Shirt,Lavender Plaid Flannel Shirt - Regular fit - L,102-0302-011,0.0,594.0,Outofstock,L
FS Shirt,Lavender Plaid Flannel Shirt - Regular fit - M,102-0302-011,0.0,594.0,Outofstock,M
Trousers,Sand Check Trousers - Regular Fit - 2XL,110-0101-002,0.0,499.0,Outofstock,2XL
Trousers,Sand Check Trousers - Regular Fit - XL,110-0101-002,0.0,499.0,Outofstock,XL
Trousers,Sand Check Trousers - Regular Fit - L,110-0101-002,0.0,499.0,Outofstock,L
Trousers,Sand Check Trousers - Regular Fit - M,110-0101-002,0.0,499.0,Outofstock,M
FS Shirt,Olive Plaid Flannel Shirt - Regular Fit - 3XL,102-0302-007old,0.0,594.0,Outofstock,3XL
FS Shirt,Olive Plaid Flannel Shirt - Regular Fit - 2XL,102-0302-007old,0.0,594.0,Outofstock,2XL
FS Shirt,Olive Plaid Flannel Shirt - Regular Fit - XL,102-0302-007old,0.0,594.0,Outofstock,XL
FS Shirt,Olive Plaid Flannel Shirt - Regular Fit - L,102-0302-007old,0.0,594.0,Outofstock,L
FS Shirt,Olive Plaid Flannel Shirt - Regular Fit - M,102-0302-007old,0.0,594.0,Outofstock,M
Trousers,Wineplaid  Trousers - Regular Fit - 2XL,110-0101-003,0.0,499.0,Outofstock,2XL
Trousers,Wineplaid  Trousers - Regular Fit - XL,110-0101-003,0.0,499.0,Outofstock,XL
Trousers,Wineplaid  Trousers - Regular Fit - L,110-0101-003,0.0,499.0,Outofstock,L
Trousers,Wineplaid  Trousers - Regular Fit - M,110-0101-003,0.0,499.0,Outofstock,M
Trousers,Beige Trousers - Regular Fit - 2XL,110-0101-005,0.0,499.0,Outofstock,2XL
Trousers,Beige Trousers - Regular Fit - XL,110-0101-005,0.0,499.0,Outofstock,XL
Trousers,Beige Trousers - Regular Fit - L,110-0101-005,0.0,499.0,Outofstock,L
Trousers,Beige Trousers - Regular Fit - M,110-0101-005,0.0,499.0,Outofstock,M
Trousers,Olive Trousers - Regular Fit - 2XL,110-0101-004,0.0,499.0,Outofstock,2XL
Trousers,Olive Trousers - Regular Fit - XL,110-0101-004,0.0,499.0,Outofstock,XL
Trousers,Olive Trousers - Regular Fit - L,110-0101-004,0.0,499.0,Outofstock,L
Trousers,Olive Trousers - Regular Fit - M,110-0101-004,0.0,499.0,Outofstock,M
Trousers,Charcoal Check Trousers - Regular Fit - 2XL,110-0101-001,0.0,499.0,Outofstock,2XL
Trousers,Charcoal Check Trousers - Regular Fit - XL,110-0101-001,0.0,499.0,Outofstock,XL
Trousers,Charcoal Check Trousers - Regular Fit - L,110-0101-001,0.0,499.0,Outofstock,L
Trousers,Charcoal Check Trousers - Regular Fit - M,110-0101-001,0.0,499.0,Outofstock,M
FS Shirt,Light Sky Kaftan Cotton Shirt - Regular Fit - 3XL,102-0202-007,0.0,594.0,Outofstock,3XL
FS Shirt,Light Sky Kaftan Cotton Shirt - Regular Fit - 2XL,102-0202-007,0.0,594.0,Outofstock,2XL
FS Shirt,Light Sky Kaftan Cotton Shirt - Regular Fit - XL,102-0202-007,0.0,594.0,Outofstock,XL
FS Shirt,Light Sky Kaftan Cotton Shirt - Regular Fit - L,102-0202-007,0.0,594.0,Outofstock,L
FS Shirt,Light Sky Kaftan Cotton Shirt - Regular Fit - M,102-0202-007,0.0,594.0,Outofstock,M
FS Shirt,Grey Mist Kaftan Cotton Shirt - Regular Fit - 3XL,102-0202-006,0.0,594.0,Outofstock,3XL
FS Shirt,Grey Mist Kaftan Cotton Shirt - Regular Fit - 2XL,102-0202-006,0.0,594.0,Outofstock,2XL
FS Shirt,Grey Mist Kaftan Cotton Shirt - Regular Fit - XL,102-0202-006,0.0,594.0,Outofstock,XL
FS Shirt,Grey Mist Kaftan Cotton Shirt - Regular Fit - L,102-0202-006,0.0,594.0,Outofstock,L
FS Shirt,Grey Mist Kaftan Cotton Shirt - Regular Fit - M,102-0202-006,0.0,594.0,Outofstock,M
FS Shirt,Grid Kaftan Cotton Shirt - Regular Fit - 3XL,102-0202-004,0.0,594.0,Outofstock,3XL
FS Shirt,Grid Kaftan Cotton Shirt - Regular Fit - 2XL,102-0202-004,0.0,594.0,Outofstock,2XL
FS Shirt,Grid Kaftan Cotton Shirt - Regular Fit - XL,102-0202-004,0.0,594.0,Outofstock,XL
FS Shirt,Grid Kaftan Cotton Shirt - Regular Fit - L,102-0202-004,0.0,594.0,Outofstock,L
FS Shirt,Grid Kaftan Cotton Shirt - Regular Fit - M,102-0202-004,0.0,594.0,Outofstock,M
FS Shirt,Navy Kaftan Cotton Shirt - Regular Fit - 3XL,102-0202-003,0.0,594.0,Outofstock,3XL
FS Shirt,Navy Kaftan Cotton Shirt - Regular Fit - 2XL,102-0202-003,0.0,594.0,Outofstock,2XL
FS Shirt,Navy Kaftan Cotton Shirt - Regular Fit - XL,102-0202-003,0.0,594.0,Outofstock,XL
FS Shirt,Navy Kaftan Cotton Shirt - Regular Fit - L,102-0202-003,0.0,594.0,Outofstock,L
FS Shirt,Navy Kaftan Cotton Shirt - Regular Fit - M,102-0202-003,0.0,594.0,Outofstock,M
HS Shirt,Leaf Cotton Shirt - Regular Fit - 3XL,102-0102-019,0.0,638.0,Outofstock,3XL
HS Shirt,Leaf Cotton Shirt - Regular Fit - 2XL,102-0102-019,0.0,638.0,Outofstock,2XL
HS Shirt,Leaf Cotton Shirt - Regular Fit - XL,102-0102-019,0.0,638.0,Outofstock,XL
HS Shirt,Leaf Cotton Shirt - Regular Fit - L,102-0102-019,0.0,638.0,Outofstock,L
HS Shirt,Leaf Cotton Shirt - Regular Fit - M,102-0102-019,0.0,638.0,Outofstock,M
HS Shirt,Dobby Cotton Shirt - Regular Fit - 3XL,102-0102-021,0.0,638.0,Outofstock,3XL
HS Shirt,Dobby Cotton Shirt - Regular Fit - 2XL,102-0102-021,0.0,638.0,Outofstock,2XL
HS Shirt,Dobby Cotton Shirt - Regular Fit - XL,102-0102-021,0.0,638.0,Outofstock,XL
HS Shirt,Dobby Cotton Shirt - Regular Fit - L,102-0102-021,0.0,638.0,Outofstock,L
HS Shirt,Dobby Cotton Shirt - Regular Fit - M,102-0102-021,0.0,638.0,Outofstock,M
HS Shirt,Medallion Cotton Shirt - Regular Fit - 3XL,102-0102-016,0.0,638.0,Outofstock,3XL
HS Shirt,Medallion Cotton Shirt - Regular Fit - 2XL,102-0102-016,0.0,638.0,Outofstock,2XL
HS Shirt,Medallion Cotton Shirt - Regular Fit - XL,102-0102-016,0.0,638.0,Outofstock,XL
HS Shirt,Medallion Cotton Shirt - Regular Fit - L,102-0102-016,0.0,638.0,Outofstock,L
HS Shirt,Medallion Cotton Shirt - Regular Fit - M,102-0102-016,0.0,638.0,Outofstock,M
HS Shirt,Slate Dot Cotton Shirt - Regular Fit - 3XL,102-0102-017,0.0,638.0,Outofstock,3XL
HS Shirt,Slate Dot Cotton Shirt - Regular Fit - 2XL,102-0102-017,0.0,638.0,Outofstock,2XL
HS Shirt,Slate Dot Cotton Shirt - Regular Fit - XL,102-0102-017,0.0,638.0,Outofstock,XL
HS Shirt,Slate Dot Cotton Shirt - Regular Fit - L,102-0102-017,0.0,638.0,Outofstock,L
HS Shirt,Slate Dot Cotton Shirt - Regular Fit - M,102-0102-017,0.0,638.0,Outofstock,M
FS Shirt,Mid Black Kaftan Cotton Shirt - Regular Fit - 3XL,102-0202-005,0.0,594.0,Outofstock,3XL
FS Shirt,Mid Black Kaftan Cotton Shirt - Regular Fit - 2XL,102-0202-005,0.0,594.0,Outofstock,2XL
FS Shirt,Mid Black Kaftan Cotton Shirt - Regular Fit - XL,102-0202-005,0.0,594.0,Outofstock,XL
FS Shirt,Mid Black Kaftan Cotton Shirt - Regular Fit - L,102-0202-005,0.0,594.0,Outofstock,L
FS Shirt,Mid Black Kaftan Cotton Shirt - Regular Fit - M,102-0202-005,0.0,594.0,Outofstock,M
HS Shirt,Abstract Cotton Shirt - Regular Fit - 3XL,102-0102-015,0.0,798.0,Outofstock,3XL
HS Shirt,Abstract Cotton Shirt - Regular Fit - 2XL,102-0102-015,0.0,798.0,Outofstock,2XL
HS Shirt,Abstract Cotton Shirt - Regular Fit - XL,102-0102-015,0.0,798.0,Outofstock,XL
HS Shirt,Abstract Cotton Shirt - Regular Fit - L,102-0102-015,0.0,798.0,Outofstock,L
HS Shirt,Abstract Cotton Shirt - Regular Fit - M,102-0102-015,0.0,798.0,Outofstock,M
HS Shirt,Stripe Cotton Shirt - Regular Fit - 3XL,102-0102-014,0.0,798.0,Outofstock,3XL
HS Shirt,Stripe Cotton Shirt - Regular Fit - 2XL,102-0102-014,0.0,798.0,Outofstock,2XL
HS Shirt,Stripe Cotton Shirt - Regular Fit - XL,102-0102-014,0.0,798.0,Outofstock,XL
HS Shirt,Stripe Cotton Shirt - Regular Fit - L,102-0102-014,0.0,798.0,Outofstock,L
HS Shirt,Stripe Cotton Shirt - Regular Fit - M,102-0102-014,0.0,798.0,Outofstock,M
HS Shirt,Watercolor Cotton Shirt - Regular Fit - 3XL,102-0102-013,0.0,638.0,Outofstock,3XL
HS Shirt,Watercolor Cotton Shirt - Regular Fit - 2XL,102-0102-013,0.0,638.0,Outofstock,2XL
HS Shirt,Watercolor Cotton Shirt - Regular Fit - XL,102-0102-013,0.0,638.0,Outofstock,XL
HS Shirt,Watercolor Cotton Shirt - Regular Fit - L,102-0102-013,0.0,638.0,Outofstock,L
HS Shirt,Watercolor Cotton Shirt - Regular Fit - M,102-0102-013,0.0,638.0,Outofstock,M
FS Shirt,DEEN Checked Flannel Shirt 09 - 3XL,102-0302-015,0.0,594.0,Outofstock,3XL
FS Shirt,DEEN Checked Flannel Shirt 09 - 2XL,102-0302-015,0.0,594.0,Outofstock,2XL
FS Shirt,DEEN Checked Flannel Shirt 09 - XL,102-0302-015,0.0,594.0,Outofstock,XL
FS Shirt,DEEN Checked Flannel Shirt 09 - L,102-0302-015,0.0,594.0,Outofstock,L
FS Shirt,DEEN Checked Flannel Shirt 09 - M,102-0302-015,0.0,594.0,Outofstock,M
FS Shirt,DEEN Checked Flannel Shirt 11 - 3XL,102-0302-017,0.0,849.0,Outofstock,3XL
FS Shirt,DEEN Checked Flannel Shirt 11 - 2XL,102-0302-017,0.0,849.0,Outofstock,2XL
FS Shirt,DEEN Checked Flannel Shirt 11 - XL,102-0302-017,0.0,849.0,Outofstock,XL
FS Shirt,DEEN Checked Flannel Shirt 11 - L,102-0302-017,0.0,849.0,Outofstock,L
FS Shirt,DEEN Checked Flannel Shirt 11 - M,102-0302-017,0.0,849.0,Outofstock,M
FS Shirt,DEEN Checked Flannel Shirt 06 - 3XL,102-0302-012,0.0,594.0,Outofstock,3XL
FS Shirt,DEEN Checked Flannel Shirt 06 - 2XL,102-0302-012,0.0,594.0,Outofstock,2XL
FS Shirt,DEEN Checked Flannel Shirt 06 - XL,102-0302-012,0.0,594.0,Outofstock,XL
FS Shirt,DEEN Checked Flannel Shirt 06 - L,102-0302-012,0.0,594.0,Outofstock,L
FS Shirt,DEEN Checked Flannel Shirt 06 - M,102-0302-012,0.0,594.0,Outofstock,M
FS Shirt,DEEN Checked Flannel Shirt 04 - 3XL,102-0302-010old,0.0,594.0,Outofstock,3XL
FS Shirt,DEEN Checked Flannel Shirt 04 - 2XL,102-0302-010old,0.0,594.0,Outofstock,2XL
FS Shirt,DEEN Checked Flannel Shirt 04 - XL,102-0302-010old,0.0,594.0,Outofstock,XL
FS Shirt,DEEN Checked Flannel Shirt 04 - L,102-0302-010old,0.0,594.0,Outofstock,L
FS Shirt,DEEN Checked Flannel Shirt 04 - M,102-0302-010old,0.0,594.0,Outofstock,M
Twill,DEEN Beige Twill Chino Pant 49 – Slim Fit - 38,104-0102-004,0.0,1245.0,Outofstock,38
Twill,DEEN Beige Twill Chino Pant 49 – Slim Fit - 36,104-0102-004,0.0,1245.0,Outofstock,36
Twill,DEEN Beige Twill Chino Pant 49 – Slim Fit - 34,104-0102-004,0.0,1245.0,Outofstock,34
Twill,DEEN Beige Twill Chino Pant 49 – Slim Fit - 32,104-0102-004,0.0,1245.0,Outofstock,32
Twill,DEEN Beige Twill Chino Pant 49 – Slim Fit - 30,104-0102-004,0.0,1245.0,Outofstock,30
Jeans,Dark Blue Jeans- Slim Fit - 38,101-0100-127,0.0,1272.0,Outofstock,38
Jeans,Dark Blue Jeans- Slim Fit - 36,101-0100-127,0.0,1272.0,Outofstock,36
Jeans,Dark Blue Jeans- Slim Fit - 34,101-0100-127,0.0,1272.0,Outofstock,34
Jeans,Dark Blue Jeans- Slim Fit - 32,101-0100-127,0.0,1272.0,Outofstock,32
Jeans,Dark Blue Jeans- Slim Fit - 30,101-0100-127,0.0,1272.0,Outofstock,30
Jeans,Dark Blue Jeans- Slim Fit - 28,101-0100-127,0.0,1272.0,Outofstock,28
Polo Shirt,Grey Stripe Pique Polo Shirt - 3XL,103-0100-113,0.0,798.0,Outofstock,3XL
Polo Shirt,Grey Stripe Pique Polo Shirt - 2XL,103-0100-113,0.0,798.0,Outofstock,2XL
Polo Shirt,Grey Stripe Pique Polo Shirt - XL,103-0100-113,0.0,798.0,Outofstock,XL
Polo Shirt,Grey Stripe Pique Polo Shirt - L,103-0100-113,0.0,798.0,Outofstock,L
Polo Shirt,Grey Stripe Pique Polo Shirt - M,103-0100-113,0.0,798.0,Outofstock,M
Polo Shirt,Green Stripe Polo Shirt - 3XL,103-0100-112,0.0,798.0,Outofstock,3XL
Polo Shirt,Green Stripe Polo Shirt - 2XL,103-0100-112,18.0,798.0,Instock,2XL
Polo Shirt,Green Stripe Polo Shirt - XL,103-0100-112,0.0,798.0,Outofstock,XL
Polo Shirt,Green Stripe Polo Shirt - L,103-0100-112,36.0,798.0,Instock,L
Polo Shirt,Green Stripe Polo Shirt - M,103-0100-112,0.0,798.0,Outofstock,M
Panjabi,Embroidered Cotton Panjabi - 46,106-0101-099,0.0,1080.0,Outofstock,46
Panjabi,Embroidered Cotton Panjabi - 44,106-0101-099,0.0,1080.0,Outofstock,44
Panjabi,Embroidered Cotton Panjabi - 42,106-0101-099,0.0,1080.0,Outofstock,42
Panjabi,Embroidered Cotton Panjabi - 40,106-0101-099,0.0,1080.0,Outofstock,40
Panjabi,Embroidered Cotton Panjabi - 46,106-0101-098,0.0,1080.0,Outofstock,46
Panjabi,Embroidered Cotton Panjabi - 44,106-0101-098,0.0,1080.0,Outofstock,44
Panjabi,Embroidered Cotton Panjabi - 42,106-0101-098,0.0,1080.0,Outofstock,42
Panjabi,Embroidered Cotton Panjabi - 40,106-0101-098,0.0,1080.0,Outofstock,40
Panjabi,Embroidered Cotton Panjabi - 46,106-0101-097,0.0,1080.0,Outofstock,46
Panjabi,Embroidered Cotton Panjabi - 44,106-0101-097,0.0,1080.0,Outofstock,44
Panjabi,Embroidered Cotton Panjabi - 42,106-0101-097,0.0,1080.0,Outofstock,42
Panjabi,Embroidered Cotton Panjabi - 40,106-0101-097,0.0,1080.0,Outofstock,40
Panjabi,Embroidered Cotton Panjabi - 46,106-0101-100,0.0,930.0,Outofstock,46
Panjabi,Embroidered Cotton Panjabi - 44,106-0101-100,0.0,930.0,Outofstock,44
Panjabi,Embroidered Cotton Panjabi - 42,106-0101-100,0.0,930.0,Outofstock,42
Panjabi,Embroidered Cotton Panjabi - 40,106-0101-100,0.0,930.0,Outofstock,40
Panjabi,Embroidered Cotton Panjabi - 46,106-0101-091,0.0,1080.0,Outofstock,46
Panjabi,Embroidered Cotton Panjabi - 44,106-0101-091,0.0,1080.0,Outofstock,44
Panjabi,Embroidered Cotton Panjabi - 42,106-0101-091,0.0,1080.0,Outofstock,42
Panjabi,Embroidered Cotton Panjabi - 40,106-0101-091,0.0,1080.0,Outofstock,40
Panjabi,Embroidered Cotton Panjabi - 46,106-0101-092,0.0,1080.0,Outofstock,46
Panjabi,Embroidered Cotton Panjabi - 44,106-0101-092,0.0,1080.0,Outofstock,44
Panjabi,Embroidered Cotton Panjabi - 42,106-0101-092,0.0,1080.0,Outofstock,42
Panjabi,Embroidered Cotton Panjabi - 40,106-0101-092,0.0,1080.0,Outofstock,40
Panjabi,Embroidered Cotton Panjabi - 46,106-0101-090,0.0,1080.0,Outofstock,46
Panjabi,Embroidered Cotton Panjabi - 44,106-0101-090,0.0,1080.0,Outofstock,44
Panjabi,Embroidered Cotton Panjabi - 42,106-0101-090,0.0,1080.0,Outofstock,42
Panjabi,Embroidered Cotton Panjabi - 40,106-0101-090,0.0,1080.0,Outofstock,40
Panjabi,Embroidered Cotton Panjabi - 46,106-0101-089,0.0,980.0,Outofstock,46
Panjabi,Embroidered Cotton Panjabi - 44,106-0101-089,0.0,980.0,Outofstock,44
Panjabi,Embroidered Cotton Panjabi - 42,106-0101-089,0.0,980.0,Outofstock,42
Panjabi,Embroidered Cotton Panjabi - 40,106-0101-089,0.0,980.0,Outofstock,40
Panjabi,Embroidered Cotton Panjabi - 46,106-0101-087,0.0,980.0,Outofstock,46
Panjabi,Embroidered Cotton Panjabi - 44,106-0101-087,0.0,980.0,Outofstock,44
Panjabi,Embroidered Cotton Panjabi - 42,106-0101-087,0.0,980.0,Outofstock,42
Panjabi,Embroidered Cotton Panjabi - 40,106-0101-087,0.0,980.0,Outofstock,40
Panjabi,Embroidered Cotton Panjabi - 44,106-0101-084,0.0,930.0,Outofstock,44
Panjabi,Embroidered Cotton Panjabi - 42,106-0101-084,0.0,930.0,Outofstock,42
Panjabi,Embroidered Cotton Panjabi - 46,106-0101-084,0.0,930.0,Outofstock,46
Panjabi,Embroidered Cotton Panjabi - 40,106-0101-084,0.0,930.0,Outofstock,40
Jeans,Acid Wash Blue Jeans - Regular Fit - 38,101-0200-145,0.0,1352.0,Outofstock,38
Jeans,Acid Wash Blue Jeans - Regular Fit - 36,101-0200-145,0.0,1352.0,Outofstock,36
Jeans,Acid Wash Blue Jeans - Regular Fit - 34,101-0200-145,0.0,1352.0,Outofstock,34
Jeans,Acid Wash Blue Jeans - Regular Fit - 32,101-0200-145,0.0,1352.0,Outofstock,32
Jeans,Acid Wash Blue Jeans - Regular Fit - 30,101-0200-145,0.0,1352.0,Outofstock,30
Jeans,Acid Wash Blue Jeans - Regular Fit - 28,101-0200-145,-1.0,1352.0,Outofstock,28
Polo Shirt,Striped Green Pique Polo Shirt - 3XL,103-0200-118,0.0,798.0,Outofstock,3XL
Polo Shirt,Striped Green Pique Polo Shirt - 2XL,103-0200-118,0.0,798.0,Outofstock,2XL
Polo Shirt,Striped Green Pique Polo Shirt - XL,103-0200-118,0.0,798.0,Outofstock,XL
Polo Shirt,Striped Green Pique Polo Shirt - L,103-0200-118,0.0,798.0,Outofstock,L
Polo Shirt,Striped Green Pique Polo Shirt - M,103-0200-118,0.0,798.0,Outofstock,M
Polo Shirt,Striped Grey Pique Polo Shirt - 3XL,103-0200-117,0.0,798.0,Outofstock,3XL
Polo Shirt,Striped Grey Pique Polo Shirt - 2XL,103-0200-117,0.0,798.0,Outofstock,2XL
Polo Shirt,Striped Grey Pique Polo Shirt - XL,103-0200-117,0.0,798.0,Outofstock,XL
Polo Shirt,Striped Grey Pique Polo Shirt - L,103-0200-117,0.0,798.0,Outofstock,L
Polo Shirt,Striped Grey Pique Polo Shirt - M,103-0200-117,0.0,798.0,Outofstock,M
Jeans,Light Wash Blue Jeans - Regular Fit - 38,101-0200-143,0.0,1690.0,Outofstock,38
Jeans,Light Wash Blue Jeans - Regular Fit - 36,101-0200-143,0.0,1690.0,Outofstock,36
Jeans,Light Wash Blue Jeans - Regular Fit - 34,101-0200-143,0.0,1690.0,Outofstock,34
Jeans,Light Wash Blue Jeans - Regular Fit - 32,101-0200-143,0.0,1690.0,Outofstock,32
Jeans,Light Wash Blue Jeans - Regular Fit - 30,101-0200-143,0.0,1690.0,Outofstock,30
Jeans,Light Wash Blue Jeans - Regular Fit - 28,101-0200-143,0.0,1690.0,Outofstock,28
Jeans,Dark Wash Blue Jeans - Regular Fit - 38,101-0200-144,0.0,1352.0,Outofstock,38
Jeans,Dark Wash Blue Jeans - Regular Fit - 36,101-0200-144,0.0,1352.0,Outofstock,36
Jeans,Dark Wash Blue Jeans - Regular Fit - 34,101-0200-144,0.0,1352.0,Outofstock,34
Jeans,Dark Wash Blue Jeans - Regular Fit - 32,101-0200-144,0.0,1352.0,Outofstock,32
Jeans,Dark Wash Blue Jeans - Regular Fit - 30,101-0200-144,0.0,1352.0,Outofstock,30
Jeans,Dark Wash Blue Jeans - Regular Fit - 28,101-0200-144,0.0,1352.0,Outofstock,28
Polo Shirt,Premium Green Polo Shirt - 3XL,103-0200-116,0.0,798.0,Outofstock,3XL
Polo Shirt,Premium Green Polo Shirt - 2XL,103-0200-116,0.0,798.0,Outofstock,2XL
Polo Shirt,Premium Green Polo Shirt - XL,103-0200-116,0.0,798.0,Outofstock,XL
Polo Shirt,Premium Green Polo Shirt - L,103-0200-116,0.0,798.0,Outofstock,L
Polo Shirt,Premium Green Polo Shirt - M,103-0200-116,0.0,798.0,Outofstock,M
Polo Shirt,Premium Jade Green Polo Shirt - 3XL,103-0100-115,0.0,798.0,Outofstock,3XL
Polo Shirt,Premium Jade Green Polo Shirt - 2XL,103-0100-115,0.0,798.0,Outofstock,2XL
Polo Shirt,Premium Jade Green Polo Shirt - XL,103-0100-115,0.0,798.0,Outofstock,XL
Polo Shirt,Premium Jade Green Polo Shirt - L,103-0100-115,0.0,798.0,Outofstock,L
Polo Shirt,Premium Jade Green Polo Shirt - M,103-0100-115,0.0,798.0,Outofstock,M
Jeans,Light Blue Jeans - Straight Fit - 38,101-0300-141,0.0,1690.0,Outofstock,38
Jeans,Light Blue Jeans - Straight Fit - 36,101-0300-141,0.0,1690.0,Outofstock,36
Jeans,Light Blue Jeans - Straight Fit - 34,101-0300-141,0.0,1690.0,Outofstock,34
Jeans,Light Blue Jeans - Straight Fit - 32,101-0300-141,0.0,1690.0,Outofstock,32
Jeans,Light Blue Jeans - Straight Fit - 30,101-0300-141,0.0,1690.0,Outofstock,30
Jeans,Light Blue Jeans - Straight Fit - 28,101-0300-141,0.0,1690.0,Outofstock,28
Jeans,Mid Wash Blue Jeans - Regular Fit - 38,101-0200-142,0.0,1690.0,Outofstock,38
Jeans,Mid Wash Blue Jeans - Regular Fit - 36,101-0200-142,0.0,1690.0,Outofstock,36
Jeans,Mid Wash Blue Jeans - Regular Fit - 34,101-0200-142,0.0,1690.0,Outofstock,34
Jeans,Mid Wash Blue Jeans - Regular Fit - 32,101-0200-142,0.0,1690.0,Outofstock,32
Jeans,Mid Wash Blue Jeans - Regular Fit - 30,101-0200-142,0.0,1690.0,Outofstock,30
Jeans,Mid Wash Blue Jeans - Regular Fit - 28,101-0200-142,0.0,1690.0,Outofstock,28
Jeans,Blue Jeans - Straight Fit - 38,101-0300-140,0.0,1352.0,Outofstock,38
Jeans,Blue Jeans - Straight Fit - 36,101-0300-140,0.0,1352.0,Outofstock,36
Jeans,Blue Jeans - Straight Fit - 34,101-0300-140,0.0,1352.0,Outofstock,34
Jeans,Blue Jeans - Straight Fit - 32,101-0300-140,0.0,1352.0,Outofstock,32
Jeans,Blue Jeans - Straight Fit - 30,101-0300-140,0.0,1352.0,Outofstock,30
Jeans,Blue Jeans - Straight Fit - 28,101-0300-140,1.0,1352.0,Instock,28
Polo Shirt,Premium Stripe Polo Shirt - 3XL,103-0100-114,0.0,798.0,Outofstock,3XL
Polo Shirt,Premium Stripe Polo Shirt - 2XL,103-0100-114,0.0,798.0,Outofstock,2XL
Polo Shirt,Premium Stripe Polo Shirt - XL,103-0100-114,0.0,798.0,Outofstock,XL
Polo Shirt,Premium Stripe Polo Shirt - L,103-0100-114,0.0,798.0,Outofstock,L
Polo Shirt,Premium Stripe Polo Shirt - M,103-0100-114,0.0,798.0,Outofstock,M
Panjabi,Embroidered Cotton Panjabi - 44,106-0101-068,0.0,1049.0,Outofstock,44
Panjabi,Embroidered Cotton Panjabi - 42,106-0101-068,0.0,1049.0,Outofstock,42
Panjabi,Embroidered Cotton Panjabi - 40,106-0101-068,0.0,1049.0,Outofstock,40
Panjabi,Embroidered Cotton Panjabi - 44,106-0101-044,0.0,1099.0,Outofstock,44
Panjabi,Embroidered Cotton Panjabi - 42,106-0101-044,0.0,1099.0,Outofstock,42
Panjabi,Embroidered Cotton Panjabi - 40,106-0101-044,0.0,1099.0,Outofstock,40
Panjabi,Embroidered Cotton Panjabi - 44,106-0101-047,0.0,1199.0,Outofstock,44
Panjabi,Embroidered Cotton Panjabi - 42,106-0101-047,0.0,1199.0,Outofstock,42
Panjabi,Embroidered Cotton Panjabi - 40,106-0101-047,0.0,1199.0,Outofstock,40
Jeans,Original Blue Jeans - Slim Fit - 38,101-0100-139,0.0,1790.0,Outofstock,38
Jeans,Original Blue Jeans - Slim Fit - 36,101-0100-139,0.0,1790.0,Outofstock,36
Jeans,Original Blue Jeans - Slim Fit - 34,101-0100-139,0.0,1790.0,Outofstock,34
Jeans,Original Blue Jeans - Slim Fit - 32,101-0100-139,0.0,1790.0,Outofstock,32
Jeans,Original Blue Jeans - Slim Fit - 30,101-0100-139,0.0,1790.0,Outofstock,30
Jeans,Original Blue Jeans - Slim Fit - 28,101-0100-139,0.0,1790.0,Outofstock,28
Jeans,90's Blue Jeans- Slim Fit - 38,101-0100-138,0.0,1432.0,Outofstock,38
Jeans,90's Blue Jeans- Slim Fit - 36,101-0100-138,0.0,1432.0,Outofstock,36
Jeans,90's Blue Jeans- Slim Fit - 34,101-0100-138,0.0,1432.0,Outofstock,34
Jeans,90's Blue Jeans- Slim Fit - 32,101-0100-138,0.0,1432.0,Outofstock,32
Jeans,90's Blue Jeans- Slim Fit - 30,101-0100-138,0.0,1432.0,Outofstock,30
Jeans,90's Blue Jeans- Slim Fit - 28,101-0100-138,0.0,1432.0,Outofstock,28
Panjabi,Embroidered Cotton Panjabi - 44,106-0101-050,0.0,1199.0,Outofstock,44
Panjabi,Embroidered Cotton Panjabi - 42,106-0101-050,0.0,1199.0,Outofstock,42
Panjabi,Embroidered Cotton Panjabi - 40,106-0101-050,0.0,1199.0,Outofstock,40
Polo Shirt,Malibu Polo Shirt in Cotton Pique - 3XL,103-0200-100,0.0,638.0,Outofstock,3XL
Polo Shirt,Malibu Polo Shirt in Cotton Pique - 2XL,103-0200-100,0.0,638.0,Outofstock,2XL
Polo Shirt,Malibu Polo Shirt in Cotton Pique - XL,103-0200-100,0.0,638.0,Outofstock,XL
Polo Shirt,Malibu Polo Shirt in Cotton Pique - L,103-0200-100,0.0,638.0,Outofstock,L
Polo Shirt,Malibu Polo Shirt in Cotton Pique - M,103-0200-100,0.0,638.0,Outofstock,M
Jeans,Indigo Ice Blue Jeans - Slim Fit - 38,101-0100-137,0.0,1790.0,Outofstock,38
Jeans,Indigo Ice Blue Jeans - Slim Fit - 36,101-0100-137,0.0,1790.0,Outofstock,36
Jeans,Indigo Ice Blue Jeans - Slim Fit - 34,101-0100-137,0.0,1790.0,Outofstock,34
Jeans,Indigo Ice Blue Jeans - Slim Fit - 32,101-0100-137,0.0,1790.0,Outofstock,32
Jeans,Indigo Ice Blue Jeans - Slim Fit - 30,101-0100-137,0.0,1790.0,Outofstock,30
Jeans,Indigo Ice Blue Jeans - Slim Fit - 28,101-0100-137,0.0,1790.0,Outofstock,28
Polo Shirt,Light Beige Polo Shirt in Cotton Pique - 3XL,103-0200-097,0.0,638.0,Outofstock,3XL
Polo Shirt,Light Beige Polo Shirt in Cotton Pique - 2XL,103-0200-097,0.0,638.0,Outofstock,2XL
Polo Shirt,Light Beige Polo Shirt in Cotton Pique - XL,103-0200-097,0.0,638.0,Outofstock,XL
Polo Shirt,Light Beige Polo Shirt in Cotton Pique - L,103-0200-097,0.0,638.0,Outofstock,L
Polo Shirt,Light Beige Polo Shirt in Cotton Pique - M,103-0200-097,0.0,638.0,Outofstock,M
Jeans,Indigo Mid Blue Jeans - Slim Fit - 38,101-0100-136,0.0,1790.0,Outofstock,38
Jeans,Indigo Mid Blue Jeans - Slim Fit - 36,101-0100-136,0.0,1790.0,Outofstock,36
Jeans,Indigo Mid Blue Jeans - Slim Fit - 34,101-0100-136,0.0,1790.0,Outofstock,34
Jeans,Indigo Mid Blue Jeans - Slim Fit - 32,101-0100-136,0.0,1790.0,Outofstock,32
Jeans,Indigo Mid Blue Jeans - Slim Fit - 30,101-0100-136,0.0,1790.0,Outofstock,30
Jeans,Indigo Mid Blue Jeans - Slim Fit - 28,101-0100-136,0.0,1790.0,Outofstock,28
Jeans,Black Faded Jeans - Slim Fit - 38,101-0100-135,0.0,1352.0,Outofstock,38
Jeans,Black Faded Jeans - Slim Fit - 36,101-0100-135,0.0,1352.0,Outofstock,36
Jeans,Black Faded Jeans - Slim Fit - 34,101-0100-135,0.0,1352.0,Outofstock,34
Jeans,Black Faded Jeans - Slim Fit - 32,101-0100-135,0.0,1352.0,Outofstock,32
Jeans,Black Faded Jeans - Slim Fit - 30,101-0100-135,0.0,1352.0,Outofstock,30
Jeans,Black Faded Jeans - Slim Fit - 28,101-0100-135,0.0,1352.0,Outofstock,28
Boxer,Brown Boxer Brief - 2XL,107-0100-042,0.0,279.0,Outofstock,2XL
Boxer,Brown Boxer Brief - XL,107-0100-042,0.0,279.0,Outofstock,XL
Boxer,Brown Boxer Brief - L,107-0100-042,0.0,279.0,Outofstock,L
Boxer,Brown Boxer Brief - M,107-0100-042,0.0,279.0,Outofstock,M
Jeans,Dark Blue Jeans - Slim Fit - 38,101-0100-133,0.0,1790.0,Outofstock,38
Jeans,Dark Blue Jeans - Slim Fit - 36,101-0100-133,0.0,1790.0,Outofstock,36
Jeans,Dark Blue Jeans - Slim Fit - 34,101-0100-133,0.0,1790.0,Outofstock,34
Jeans,Dark Blue Jeans - Slim Fit - 32,101-0100-133,0.0,1790.0,Outofstock,32
Jeans,Dark Blue Jeans - Slim Fit - 30,101-0100-133,0.0,1790.0,Outofstock,30
Jeans,Dark Blue Jeans - Slim Fit - 28,101-0100-133,0.0,1790.0,Outofstock,28
Jeans,Black Faded Jeans - Slim Fit - 38,101-0100-131,0.0,1352.0,Outofstock,38
Jeans,Black Faded Jeans - Slim Fit - 36,101-0100-131,0.0,1352.0,Outofstock,36
Jeans,Black Faded Jeans - Slim Fit - 34,101-0100-131,0.0,1352.0,Outofstock,34
Jeans,Black Faded Jeans - Slim Fit - 32,101-0100-131,0.0,1352.0,Outofstock,32
Jeans,Black Faded Jeans - Slim Fit - 30,101-0100-131,0.0,1352.0,Outofstock,30
Jeans,Black Faded Jeans - Slim Fit - 28,101-0100-131,1.0,1352.0,Instock,28
Jeans,Black Jeans - Slim Fit - 38,101-0100-132,0.0,1690.0,Outofstock,38
Jeans,Black Jeans - Slim Fit - 36,101-0100-132,0.0,1690.0,Outofstock,36
Jeans,Black Jeans - Slim Fit - 34,101-0100-132,0.0,1690.0,Outofstock,34
Jeans,Black Jeans - Slim Fit - 32,101-0100-132,0.0,1690.0,Outofstock,32
Jeans,Black Jeans - Slim Fit - 30,101-0100-132,0.0,1690.0,Outofstock,30
Jeans,Black Jeans - Slim Fit - 28,101-0100-132,0.0,1690.0,Outofstock,28
Boxer,Mint Boxer Brief - 2XL,107-0100-039,0.0,279.0,Outofstock,2XL
Boxer,Mint Boxer Brief - XL,107-0100-039,0.0,279.0,Outofstock,XL
Boxer,Mint Boxer Brief - L,107-0100-039,0.0,279.0,Outofstock,L
Boxer,Mint Boxer Brief - M,107-0100-039,0.0,279.0,Outofstock,M
Sweatshirt,Olive Sweatshirt in Cotton-Terry - 3XL,108-0101-006,0.0,575.0,Outofstock,3XL
Sweatshirt,Olive Sweatshirt in Cotton-Terry - 2XL,108-0101-006,0.0,575.0,Outofstock,2XL
Sweatshirt,Olive Sweatshirt in Cotton-Terry - XL,108-0101-006,0.0,575.0,Outofstock,XL
Sweatshirt,Olive Sweatshirt in Cotton-Terry - L,108-0101-006,0.0,575.0,Outofstock,L
Sweatshirt,Olive Sweatshirt in Cotton-Terry - M,108-0101-006,0.0,575.0,Outofstock,M
Sweatshirt,Violet  Sweatshirt in Cotton-Terry - 3XL,108-0101-005,13.0,550.0,Instock,3XL
Sweatshirt,Violet  Sweatshirt in Cotton-Terry - 2XL,108-0101-005,28.0,550.0,Instock,2XL
Sweatshirt,Violet  Sweatshirt in Cotton-Terry - XL,108-0101-005,0.0,550.0,Outofstock,XL
Sweatshirt,Violet  Sweatshirt in Cotton-Terry - L,108-0101-005,16.0,550.0,Instock,L
Sweatshirt,Violet  Sweatshirt in Cotton-Terry - M,108-0101-005,0.0,550.0,Outofstock,M
Sweatshirt,Blue Sweatshirt in Cotton-Terry - 3XL,108-0101-004,0.0,575.0,Outofstock,3XL
Sweatshirt,Blue Sweatshirt in Cotton-Terry - 2XL,108-0101-004,2.0,575.0,Instock,2XL
Sweatshirt,Blue Sweatshirt in Cotton-Terry - XL,108-0101-004,-1.0,575.0,Outofstock,XL
Sweatshirt,Blue Sweatshirt in Cotton-Terry - L,108-0101-004,0.0,575.0,Outofstock,L
Sweatshirt,Blue Sweatshirt in Cotton-Terry - M,108-0101-004,0.0,575.0,Outofstock,M
Sweatshirt,Maroon Sweatshirt in Cotton-Terry - 3XL,108-0101-003,0.0,550.0,Outofstock,3XL
Sweatshirt,Maroon Sweatshirt in Cotton-Terry - 2XL,108-0101-003,3.0,550.0,Instock,2XL
Sweatshirt,Maroon Sweatshirt in Cotton-Terry - XL,108-0101-003,0.0,550.0,Outofstock,XL
Sweatshirt,Maroon Sweatshirt in Cotton-Terry - L,108-0101-003,0.0,550.0,Outofstock,L
Sweatshirt,Maroon Sweatshirt in Cotton-Terry - M,108-0101-003,0.0,550.0,Outofstock,M
Sweatshirt,White Sweatshirt in Cotton-Terry - 3XL,108-0101-002,13.0,550.0,Instock,3XL
Sweatshirt,White Sweatshirt in Cotton-Terry - 2XL,108-0101-002,16.0,550.0,Instock,2XL
Sweatshirt,White Sweatshirt in Cotton-Terry - XL,108-0101-002,6.0,550.0,Instock,XL
Sweatshirt,White Sweatshirt in Cotton-Terry - L,108-0101-002,11.0,550.0,Instock,L
Sweatshirt,White Sweatshirt in Cotton-Terry - M,108-0101-002,0.0,550.0,Outofstock,M
T-Shirt,Full Sleeve Blue T-shirt in Cotton Blend - 3XL,105-0201-025,0.0,325.0,Outofstock,3XL
T-Shirt,Full Sleeve Blue T-shirt in Cotton Blend - 2XL,105-0201-025,0.0,325.0,Outofstock,2XL
T-Shirt,Full Sleeve Blue T-shirt in Cotton Blend - XL,105-0201-025,0.0,325.0,Outofstock,XL
T-Shirt,Full Sleeve Blue T-shirt in Cotton Blend - L,105-0201-025,0.0,325.0,Outofstock,L
T-Shirt,Full Sleeve Blue T-shirt in Cotton Blend - M,105-0201-025,0.0,325.0,Outofstock,M
Sweatshirt,Black Sweatshirt in Cotton-Terry - 3XL,108-0101-001,0.0,575.0,Outofstock,3XL
Sweatshirt,Black Sweatshirt in Cotton-Terry - 2XL,108-0101-001,0.0,575.0,Outofstock,2XL
Sweatshirt,Black Sweatshirt in Cotton-Terry - XL,108-0101-001,0.0,575.0,Outofstock,XL
Sweatshirt,Black Sweatshirt in Cotton-Terry - L,108-0101-001,0.0,575.0,Outofstock,L
Sweatshirt,Black Sweatshirt in Cotton-Terry - M,108-0101-001,0.0,575.0,Outofstock,M
T-Shirt,Full Sleeve Maroon T-shirt in Cotton Blend - 3XL,105-0201-027,0.0,300.0,Outofstock,3XL
T-Shirt,Full Sleeve Maroon T-shirt in Cotton Blend - 2XL,105-0201-027,10.0,300.0,Instock,2XL
T-Shirt,Full Sleeve Maroon T-shirt in Cotton Blend - XL,105-0201-027,0.0,300.0,Outofstock,XL
T-Shirt,Full Sleeve Maroon T-shirt in Cotton Blend - L,105-0201-027,0.0,300.0,Outofstock,L
T-Shirt,Full Sleeve Maroon T-shirt in Cotton Blend - M,105-0201-027,0.0,300.0,Outofstock,M
T-Shirt,Full Sleeve Light-Blue T-shirt in Cotton Blend - 3XL,105-0201-026,0.0,300.0,Outofstock,3XL
T-Shirt,Full Sleeve Light-Blue T-shirt in Cotton Blend - 2XL,105-0201-026,0.0,300.0,Outofstock,2XL
T-Shirt,Full Sleeve Light-Blue T-shirt in Cotton Blend - XL,105-0201-026,0.0,300.0,Outofstock,XL
T-Shirt,Full Sleeve Light-Blue T-shirt in Cotton Blend - L,105-0201-026,0.0,300.0,Outofstock,L
T-Shirt,Full Sleeve Light-Blue T-shirt in Cotton Blend - M,105-0201-026,0.0,300.0,Outofstock,M
T-Shirt,Full Sleeve Brown T-shirt in Cotton Blend - 3XL,105-0201-024,0.0,300.0,Outofstock,3XL
T-Shirt,Full Sleeve Brown T-shirt in Cotton Blend - 2XL,105-0201-024,15.0,300.0,Instock,2XL
T-Shirt,Full Sleeve Brown T-shirt in Cotton Blend - XL,105-0201-024,0.0,300.0,Outofstock,XL
T-Shirt,Full Sleeve Brown T-shirt in Cotton Blend - L,105-0201-024,0.0,300.0,Outofstock,L
T-Shirt,Full Sleeve Brown T-shirt in Cotton Blend - M,105-0201-024,0.0,300.0,Outofstock,M
T-Shirt,Full Sleeve Olive T-shirt in Cotton Blend - 3XL,105-0201-023,0.0,300.0,Outofstock,3XL
T-Shirt,Full Sleeve Olive T-shirt in Cotton Blend - 2XL,105-0201-023,0.0,300.0,Outofstock,2XL
T-Shirt,Full Sleeve Olive T-shirt in Cotton Blend - XL,105-0201-023,0.0,300.0,Outofstock,XL
T-Shirt,Full Sleeve Olive T-shirt in Cotton Blend - L,105-0201-023,0.0,300.0,Outofstock,L
T-Shirt,Full Sleeve Olive T-shirt in Cotton Blend - M,105-0201-023,0.0,300.0,Outofstock,M
T-Shirt,Full Sleeve Green T-shirt in Cotton Blend - 3XL,105-0201-022,0.0,300.0,Outofstock,3XL
T-Shirt,Full Sleeve Green T-shirt in Cotton Blend - 2XL,105-0201-022,0.0,300.0,Outofstock,2XL
T-Shirt,Full Sleeve Green T-shirt in Cotton Blend - XL,105-0201-022,0.0,300.0,Outofstock,XL
T-Shirt,Full Sleeve Green T-shirt in Cotton Blend - L,105-0201-022,0.0,300.0,Outofstock,L
T-Shirt,Full Sleeve Green T-shirt in Cotton Blend - M,105-0201-022,0.0,300.0,Outofstock,M
T-Shirt,Full Sleeve White T-shirt in Cotton Blend - 3XL,105-0201-021,0.0,325.0,Outofstock,3XL
T-Shirt,Full Sleeve White T-shirt in Cotton Blend - 2XL,105-0201-021,2.0,325.0,Instock,2XL
T-Shirt,Full Sleeve White T-shirt in Cotton Blend - XL,105-0201-021,0.0,325.0,Outofstock,XL
T-Shirt,Full Sleeve White T-shirt in Cotton Blend - L,105-0201-021,0.0,325.0,Outofstock,L
T-Shirt,Full Sleeve White T-shirt in Cotton Blend - M,105-0201-021,0.0,325.0,Outofstock,M
T-Shirt,Full Sleeve Black T-shirt in Cotton Blend - 3XL,105-0201-020,0.0,325.0,Outofstock,3XL
T-Shirt,Full Sleeve Black T-shirt in Cotton Blend - 2XL,105-0201-020,0.0,325.0,Outofstock,2XL
T-Shirt,Full Sleeve Black T-shirt in Cotton Blend - XL,105-0201-020,0.0,325.0,Outofstock,XL
T-Shirt,Full Sleeve Black T-shirt in Cotton Blend - L,105-0201-020,0.0,325.0,Outofstock,L
T-Shirt,Full Sleeve Black T-shirt in Cotton Blend - M,105-0201-020,0.0,325.0,Outofstock,M
Jeans,Light Blue Jeans- Slim Fit - 38,101-0100-130,0.0,1690.0,Outofstock,38
Jeans,Light Blue Jeans- Slim Fit - 36,101-0100-130,0.0,1690.0,Outofstock,36
Jeans,Light Blue Jeans- Slim Fit - 34,101-0100-130,0.0,1690.0,Outofstock,34
Jeans,Light Blue Jeans- Slim Fit - 32,101-0100-130,0.0,1690.0,Outofstock,32
Jeans,Light Blue Jeans- Slim Fit - 30,101-0100-130,0.0,1690.0,Outofstock,30
Jeans,Light Blue Jeans- Slim Fit - 28,101-0100-130,0.0,1690.0,Outofstock,28
Jeans,Black Faded Jeans - Slim Fit - 28,101-0100-124,0.0,1590.0,Outofstock,28
Jeans,Black Faded Jeans - Slim Fit - 38,101-0100-124,0.0,1590.0,Outofstock,38
Jeans,Black Faded Jeans - Slim Fit - 36,101-0100-124,0.0,1590.0,Outofstock,36
Jeans,Black Faded Jeans - Slim Fit - 34,101-0100-124,0.0,1590.0,Outofstock,34
Jeans,Black Faded Jeans - Slim Fit - 32,101-0100-124,0.0,1590.0,Outofstock,32
Jeans,Black Faded Jeans - Slim Fit - 30,101-0100-124,0.0,1590.0,Outofstock,30
Jeans,Black Jeans- Slim Fit - 28,101-0100-125,0.0,1590.0,Outofstock,28
Jeans,Black Jeans- Slim Fit - 38,101-0100-125,0.0,1590.0,Outofstock,38
Jeans,Black Jeans- Slim Fit - 36,101-0100-125,0.0,1590.0,Outofstock,36
Jeans,Black Jeans- Slim Fit - 34,101-0100-125,0.0,1590.0,Outofstock,34
Jeans,Black Jeans- Slim Fit - 32,101-0100-125,0.0,1590.0,Outofstock,32
Jeans,Black Jeans- Slim Fit - 30,101-0100-125,0.0,1590.0,Outofstock,30
Twill,DEEN Olive Twill Chino Pant 47 – Slim Fit - 38,104-0102-002,0.0,1195.0,Outofstock,38
Twill,DEEN Olive Twill Chino Pant 47 – Slim Fit - 36,104-0102-002,0.0,1195.0,Outofstock,36
Twill,DEEN Olive Twill Chino Pant 47 – Slim Fit - 34,104-0102-002,0.0,1195.0,Outofstock,34
Twill,DEEN Olive Twill Chino Pant 47 – Slim Fit - 32,104-0102-002,0.0,1195.0,Outofstock,32
Twill,DEEN Olive Twill Chino Pant 47 – Slim Fit - 30,104-0102-002,0.0,1195.0,Outofstock,30
Twill,DEEN Black Twill Chino Pant 51 Slim Fit - 38,104-0102-006,0.0,1245.0,Outofstock,38
Twill,DEEN Black Twill Chino Pant 51 Slim Fit - 36,104-0102-006,0.0,1245.0,Outofstock,36
Twill,DEEN Black Twill Chino Pant 51 Slim Fit - 34,104-0102-006,0.0,1245.0,Outofstock,34
Twill,DEEN Black Twill Chino Pant 51 Slim Fit - 32,104-0102-006,0.0,1245.0,Outofstock,32
Twill,DEEN Black Twill Chino Pant 51 Slim Fit - 30,104-0102-006,0.0,1245.0,Outofstock,30
Twill,DEEN Maroon Twill Joggers Pant - 38,104-0302-004,0.0,573.0,Outofstock,38
Twill,DEEN Maroon Twill Joggers Pant - 36,104-0302-004,0.0,573.0,Outofstock,36
Twill,DEEN Maroon Twill Joggers Pant - 34,104-0302-004,-2.0,573.0,Outofstock,34
Twill,DEEN Maroon Twill Joggers Pant - 32,104-0302-004,0.0,573.0,Outofstock,32
Twill,DEEN Maroon Twill Joggers Pant - 30,104-0302-004,0.0,573.0,Outofstock,30
